axo31210-f_at,1
axo01095-f_at,1
axo04360-f_at,1
axo13582-f_at,1
axo18194-f_at,1
axo08554-r_at,1
axo08601-f_at,1
axo03843-f_at,1
axo06932-f_at,1
axo09691-f_at,1
axo08239-r_at,1
axo07273-r_at,1
axo15275-f_at,1
axo07025-f_at,1
axo05262-r_at,1
axo06388-r_at,1
axo18125-f_at,1
axo17318-f_at,1
axo07667-f_at,1
axo05129-f_at,1
axo05604-f_at,1
axo00150-r_at,1
axo08244-f_at,1
axo07721-f_at,1
axo04377-f_at,1
axo19411-f_at,1
axo16019-r_at,1
axo04384-r_at,1
axo08255-r_at,1
axo00987-f_at,1
axo01025-f_at,1
axo11558-r_at,1
axo05092-f_at,1
axo03082-r_at,1
axo15719-f_at,1
axo10458-f_at,1
axo03021-f_at,1
axo17639-f_at,1
axo03234-r_at,1
axo11557-r_at,1
axo16021-f_at,1
axo05088-f_at,1
axo05094-f_at,1
axo04639-f_at,1
axo18390-r_at,1
axo11805-f_at,1
axo04719-r_at,1
axo18695-r_at,1
axo19971-f_at,1
axo24673-f_at,1
axo04906-r_at,1
axo11219-r_at,1
axo19703-f_at,1
axo01487-f_at,1
axo07684-f_at,1
axo28277-f_at,1
axo15011-r_at,1
axo20765-f_at,1
axo08367-f_at,1
axo07333-f_at,1
axo01919-f_at,1
axo10086-f_at,1
axo08551-f_at,1
axo08389-f_at,1
axo03255-f_at,1
axo11824-f_at,1
axo02656-r_at,1
axo09290-f_at,1
axo05082-r_at,1
axo19020-f_at,1
axo04258-f_at,1
axo01496-f_at,1
axo08604-f_at,1
axo10656-f_at,1
axo08233-f_at,1
axo10844-f_at,1
axo05165-f_at,1
axo11562-f_at,1
axo06262-f_at,1
axo09543-f_at,1
axo11682-f_at,1
axo03019-f_at,1
axo13091-f_at,1
axo15891-f_at,1
axo11039-f_at,1
axo01687-f_at,1
axo02186-f_at,1
axo07092-r_at,1
axo16177-f_at,1
axo12408-f_at,1
axo06326-f_at,1
axo00255-r_at,1
axo10306-f_at,1
axo13452-f_at,1
axo15889-f_at,1
axo11296-r_at,1
axo01552-r_at,1
axo17358-f_at,1
axo15390-r_at,1
axo03096-r_at,1
axo11795-r_at,1
axo15494-f_at,1
axo10951-f_at,1
axo03110-f_at,1
axo02211-f_at,1
axo06469-r_at,1
axo11780-f_at,1
axo15621-f_at,1
axo07050-r_at,1
axo20162-f_at,1
axo00968-f_at,1
axo07287-f_at,1
axo18957-f_at,1
axo20223-f_at,1
axo18473-f_at,1
axo04645-f_at,1
axo09758-r_at,1
axo17625-f_at,1
axo00222-f_at,1
axo03384-f_at,1
axo00986-f_at,1
axo10608-f_at,1
axo12885-f_at,1
axo15418-f_at,1
axo10179-f_at,1
axo11564-f_at,1
axo09602-f_at,1
axo16525-r_at,1
axo31268-f_at,1
axo11065-f_at,1
axo07560-f_at,1
axo18158-r_at,1
axo00069-r_at,1
axo29728-f_at,1
axo15690-f_at,1
axo09310-r_at,1
axo10857-f_at,1
axo04889-f_at,1
axo19437-r_at,1
axo07643-f_at,1
axo04217-r_at,1
axo29831-f_at,1
axo09982-f_at,1
axo01442-f_at,1
axo02965-r_at,1
axo09783-f_at,1
axo16140-r_at,1
axo00949-r_at,1
axo17727-r_at,1
axo07679-f_at,1
axo13101-f_at,1
axo04621-f_at,1
axo05178-f_at,1
axo02972-f_at,1
axo18389-f_at,1
axo17105-f_at,1
axo12205-f_at,1
axo15391-f_at,1
axo07842-f_at,1
axo31504-f_at,1
axo11020-r_at,1
axo00238-f_at,1
axo08410-f_at,1
axo02763-f_at,1
axo20605-r_at,1
axo06029-f_at,1
axo06906-f_at,1
axo07151-f_at,1
axo09192-f_at,1
axo18179-f_at,1
axo10566-f_at,1
axo03270-f_at,1
axo15715-r_at,1
axo08742-f_at,1
axo08573-f_at,1
axo06601-r_at,1
axo13782-r_at,1
axo15283-f_at,1
axo08049-f_at,1
axo07722-f_at,1
axo08055-f_at,1
axo15284-f_at,1
axo07813-f_at,1
axo09473-r_at,1
axo06991-r_at,1
axo11129-r_at,1
axo08502-f_at,1
axo08031-r_at,1
axo02077-f_at,1
axo30426-f_at,1
axo19661-f_at,1
axo11879-f_at,1
axo04884-f_at,1
axo00208-f_at,1
axo08256-f_at,1
axo20331-f_at,1
axo18846-r_at,1
axo07978-r_at,1
axo02060-r_at,1
axo01162-f_at,1
axo15924-r_at,1
axo20164-r_at,1
axo01624-f_at,1
axo05459-r_at,1
axo08958-f_at,1
axo12450-f_at,1
axo02796-f_at,1
axo09405-f_at,1
axo05880-f_at,1
axo07697-f_at,1
axo08162-r_at,1
axo11777-f_at,1
axo17184-f_at,1
axo06434-r_at,1
axo03154-f_at,1
axo19512-f_at,1
axo04486-f_at,1
axo11832-f_at,1
axo19725-f_at,1
axo05554-f_at,1
axo26183-f_at,1
axo01373-f_at,1
axo04550-f_at,1
axo05049-r_at,1
axo12352-f_at,1
axo00828-f_at,1
axo09475-r_at,1
axo16851-r_at,1
axo18402-f_at,1
axo09793-r_at,1
axo11718-f_at,1
axo12245-f_at,1
axo06343-f_at,1
axo02423-f_at,1
axo11064-f_at,1
axo05065-f_at,1
axo06328-f_at,1
axo04875-r_at,1
axo15785-f_at,1
axo05173-f_at,1
axo07491-f_at,1
axo06213-f_at,1
axo18021-f_at,1
axo19905-f_at,1
axo00083-f_at,1
axo04577-f_at,1
axo17540-f_at,1
axo06167-f_at,1
axo09788-r_at,1
axo10642-r_at,1
axo02290-f_at,1
axo07517-f_at,1
axo13659-f_at,1
axo27567-f_at,1
axo09383-f_at,1
axo02134-r_at,1
axo20544-f_at,1
axo01035-r_at,1
axo17335-f_at,1
axo13498-r_at,1
axo19956-r_at,1
axo12285-f_at,1
axo02872-r_at,1
axo09923-r_at,1
axo13160-f_at,1
axo03210-f_at,1
axo01378-r_at,1
axo20541-f_at,1
axo30867-f_at,1
axo04978-f_at,1
axo09730-r_at,1
axo17333-r_at,1
axo05960-f_at,1
axo00020-f_at,1
axo09662-f_at,1
axo15324-f_at,1
axo04133-f_at,1
axo13660-f_at,1
axo03206-r_at,1
axo05410-f_at,1
axo10760-f_at,1
axo09719-f_at,1
axo09372-f_at,1
axo11491-r_at,1
axo10676-f_at,1
axo14340-f_at,1
axo10650-r_at,1
axo01680-f_at,1
axo09830-r_at,1
axo09831-r_at,1
axo07992-f_at,1
axo12461-f_at,1
axo05423-f_at,1
axo12227-f_at,1
axo13497-f_at,1
axo29081-f_at,1
axo17095-r_at,1
axo12896-f_at,1
axo08043-r_at,1
axo07739-r_at,1
axo07098-f_at,1
axo15968-f_at,1
axo13859-f_at,1
axo03457-f_at,1
axo17304-f_at,1
axo17066-f_at,1
axo15809-f_at,1
axo31689-f_at,1
axo01319-f_at,1
axo24609-f_at,1
axo15464-r_at,1
axo05636-f_at,1
axo15956-f_at,1
axo07214-3_at,1
axo06165-f_at,1
axo10191-f_at,1
axo10178-f_at,1
axo00600-f_at,1
axo09517-r_at,1
axo08235-f_at,1
axo11675-f_at,1
axo20945-f_at,1
axo18124-f_at,1
axo06164-f_at,1
axo04401-f_at,1
axo04383-f_at,1
axo09012-f_at,1
axo05496-f_at,1
axo07404-f_at,1
axo13672-r_at,1
axo09011-f_at,1
axo03454-f_at,1
axo09018-f_at,1
axo05008-f_at,1
axo07367-f_at,1
axo07672-f_at,1
axo07707-r_at,1
axo00332-r_at,1
axo08602-f_at,1
axo00555-f_at,1
axo08238-r_at,1
axo26184-f_at,1
axo10842-f_at,1
axo09013-r_at,1
axo13329-f_at,1
axo09010-f_at,1
axo07625-f_at,1
axo08603-f_at,1
axo31635-f_at,1
axo01488-f_at,1
axo07115-f_at,1
axo07781-f_at,1
axo07124-r_at,1
axo31574-f_at,1
axo06592-f_at,1
axo15434-f_at,1
axo07527-f_at,1
axo08766-f_at,1
axo04317-f_at,1
axo31372-f_at,1
axo15936-f_at,1
axo08368-f_at,1
axo08501-f_at,1
axo27306-f_at,1
axo04583-f_at,1
axo07506-r_at,1
axo00510-f_at,1
axo07509-r_at,1
axo30304-f_at,1
axo04316-f_at,1
axo03873-r_at,1
axo28176-f_at,1
axo20036-f_at,1
axo29740-f_at,1
axo13478-f_at,1
axo07027-r_at,1
axo03586-r_at,1
axo11418-f_at,1
axo14640-r_at,1
axo01795-f_at,1
axo07811-f_at,1
axo13739-f_at,1
axo03167-f_at,1
axo08441-f_at,1
axo04803-r_at,1
axo18143-f_at,1
axo12996-f_at,1
axo07735-f_at,1
axo09009-f_at,1
axo09188-f_at,1
axo12162-r_at,1
axo18136-r_at,1
axo18052-r_at,1
axo12986-f_at,1
axo25935-f_at,1
axo08214-f_at,1
axo12407-f_at,1
axo02890-f_at,1
axo16178-f_at,1
axo16179-f_at,1
axo08161-r_at,1
axo08221-f_at,1
axo18613-r_at,1
axo25116-f_at,1
axo00215-r_at,1
axo05489-f_at,1
axo02395-r_at,1
axo10234-f_at,1
axo04237-f_at,1
axo00752-f_at,1
axo03008-f_at,1
axo11707-f_at,1
axo08765-f_at,1
axo08200-f_at,1
axo04936-r_at,1
axo11071-f_at,1
axo08767-f_at,1
axo08195-f_at,1
axo03121-f_at,1
axo06031-f_at,1
axo07825-f_at,1
axo12277-f_at,1
axo11883-f_at,1
axo19617-f_at,1
axo12284-r_at,1
axo11881-f_at,1
axo08854-f_at,1
axo19741-f_at,1
axo06952-f_at,1
axo06424-r_at,1
axo16104-f_at,1
axo03266-r_at,1
axo12022-r_at,1
axo29067-f_at,1
axo19619-f_at,1
axo06033-f_at,1
axo11946-f_at,1
axo16636-f_at,1
axo05153-r_at,1
axo03239-f_at,1
axo12375-f_at,1
axo27991-f_at,1
axo07567-f_at,1
axo24585-f_at,1
axo20018-f_at,1
axo02071-r_at,1
axo01510-f_at,1
axo31521-f_at,1
axo01939-r_at,1
axo30260-f_at,1
axo24994-f_at,1
axo16274-f_at,1
axo11659-f_at,1
axo12985-r_at,1
axo13177-r_at,1
axo15411-r_at,1
axo03585-f_at,1
axo04874-f_at,1
axo19914-f_at,1
axo04899-r_at,1
axo28626-f_at,1
axo07348-f_at,1
axo05508-f_at,1
axo07689-f_at,1
axo05511-f_at,1
axo00925-f_at,1
axo04188-f_at,1
axo12462-f_at,1
axo18574-f_at,1
axo17957-r_at,1
axo13337-f_at,1
axo12458-f_at,1
axo16472-f_at,1
axo07858-f_at,1
axo06888-f_at,1
axo07926-f_at,1
axo18818-f_at,1
axo10341-f_at,1
axo00197-r_at,1
axo04220-f_at,1
axo17772-f_at,1
axo09732-r_at,1
axo11446-f_at,1
axo05353-r_at,1
axo05781-f_at,1
axo00505-f_at,1
axo07895-f_at,1
axo07699-r_at,1
axo07248-f_at,1
axo12163-r_at,1
axo06035-f_at,1
axo06467-f_at,1
axo06472-r_at,1
axo19396-f_at,1
axo17949-f_at,1
axo06215-f_at,1
axo02599-f_at,1
axo20878-f_at,1
axo06216-f_at,1
axo17109-f_at,1
axo09418-f_at,1
axo09600-f_at,1
axo09593-f_at,1
axo09596-f_at,1
axo09594-f_at,1
axo29946-f_at,1
axo07838-f_at,1
axo04451-f_at,1
axo08253-f_at,1
axo06705-f_at,1
axo06706-f_at,1
axo07113-f_at,1
axo13542-r_at,1
axo06741-f_at,1
axo01763-f_at,1
axo20296-f_at,1
axo04894-r_at,1
axo12270-f_at,1
axo12269-f_at,1
axo12781-r_at,1
axo15713-f_at,1
axo09233-r_at,1
axo11043-f_at,1
axo12406-f_at,1
axo04949-r_at,1
axo08552-f_at,1
axo08598-f_at,1
axo02501-f_at,1
axo17210-f_at,1
axo14164-f_at,1
axo19218-f_at,1
axo19330-f_at,1
axo00075-r_at,1
axo05560-r_at,1
axo13864-f_at,1
axo17624-f_at,1
axo24932-f_at,1
axo08148-r_at,1
axo02577-r_at,1
axo11291-r_at,1
axo05436-r_at,1
axo10212-f_at,1
axo15752-r_at,1
axo10624-r_at,1
axo26948-f_at,1
axo14109-r_at,1
axo07320-r_at,1
axo05237-f_at,1
axo08768-f_at,1
axo05155-r_at,1
axo03134-r_at,1
axo00716-r_at,1
axo16990-r_at,1
axo01268-f_at,1
axo30376-f_at,1
axo11353-f_at,1
axo05429-r_at,1
axo04230-f_at,1
axo19343-f_at,1
axo00364-f_at,1
axo13172-f_at,1
axo26237-f_at,1
axo04741-r_at,1
axo07130-f_at,1
axo08870-f_at,1
axo04436-r_at,1
axo14059-f_at,1
axo13770-f_at,1
axo06883-f_at,1
axo02888-r_at,1
axo17782-r_at,1
axo12850-f_at,1
axo03397-f_at,1
axo08614-f_at,1
axo04244-f_at,1
axo01221-f_at,1
axo03046-r_at,1
axo01262-f_at,1
axo11197-f_at,1
axo07968-f_at,1
axo03439-f_at,1
axo08171-f_at,1
axo15156-f_at,1
axo10722-f_at,1
axo07857-r_at,1
axo11458-f_at,1
axo08667-f_at,1
axo10032-f_at,1
axo08320-r_at,1
axo13173-r_at,1
axo10852-f_at,1
axo07163-f_at,1
axo02948-f_at,1
axo19929-f_at,1
axo02516-f_at,1
axo16381-f_at,1
axo04130-r_at,1
axo12451-f_at,1
axo17203-r_at,1
axo05154-f_at,1
axo12552-f_at,1
axo15389-f_at,1
axo00082-f_at,1
axo05415-r_at,1
axo13392-f_at,1
axo09570-f_at,1
axo29609-f_at,1
axo07743-r_at,1
axo11344-r_at,1
axo12311-f_at,1
axo08402-f_at,1
axo03148-r_at,1
axo03149-r_at,1
axo03150-r_at,1
axo25179-f_at,1
axo03334-f_at,1
axo12144-f_at,1
axo08204-f_at,1
axo06511-f_at,1
axo09572-f_at,1
axo08599-f_at,1
axo12169-f_at,1
axo15813-f_at,1
axo13875-r_at,1
axo14916-r_at,1
axo16695-r_at,1
axo11787-f_at,1
axo00482-r_at,1
axo05470-r_at,1
axo06129-f_at,1
axo08959-f_at,1
axo15637-f_at,1
axo01952-f_at,1
axo18014-r_at,1
axo09785-f_at,1
axo07724-f_at,1
axo04562-f_at,1
axo04826-r_at,1
axo12630-f_at,1
axo09520-r_at,1
axo18977-f_at,1
axo04169-f_at,1
axo19431-r_at,1
axo06787-r_at,1
axo12048-f_at,1
axo17514-r_at,1
axo20687-f_at,1
axo14800-r_at,1
axo11001-f_at,1
axo00818-f_at,1
axo13799-f_at,1
axo08837-r_at,1
axo04606-f_at,1
axo06276-f_at,1
axo15413-f_at,1
axo27969-f_at,1
axo03123-f_at,1
axo19047-f_at,1
axo02068-f_at,1
axo17354-r_at,1
axo01641-f_at,1
axo13224-f_at,1
axo18378-f_at,1
axo10548-f_at,1
axo13050-f_at,1
axo05735-f_at,1
axo08467-f_at,1
axo12165-f_at,1
axo04581-f_at,1
axo09175-r_at,1
axo19297-f_at,1
axo18585-f_at,1
axo09567-f_at,1
axo10698-f_at,1
axo02345-f_at,1
axo08399-f_at,1
axo17626-f_at,1
axo02061-r_at,1
axo08047-r_at,1
axo19904-f_at,1
axo01953-r_at,1
axo00896-f_at,1
axo10761-f_at,1
axo20022-f_at,1
axo03098-f_at,1
axo07671-f_at,1
axo00682-r_at,1
axo08048-f_at,1
axo11106-f_at,1
axo26678-f_at,1
axo08961-f_at,1
axo02870-r_at,1
axo12455-r_at,1
axo27516-f_at,1
axo18649-f_at,1
axo30095-f_at,1
axo11685-f_at,1
axo03498-f_at,1
axo19215-f_at,1
axo18561-f_at,1
axo08625-r_at,1
axo07382-f_at,1
axo09770-f_at,1
axo01890-f_at,1
axo20053-r_at,1
axo12560-r_at,1
axo10988-r_at,1
axo13800-f_at,1
axo11747-r_at,1
axo08991-f_at,1
axo20198-f_at,1
axo11437-f_at,1
axo19529-f_at,1
axo08392-f_at,1
axo10886-f_at,1
axo12343-f_at,1
axo03076-f_at,1
axo19270-r_at,1
axo10128-r_at,1
axo11784-r_at,2
axo08081-f_at,2
axo02692-f_at,2
axo04999-f_at,2
axo05085-f_at,2
axo03451-f_at,2
axo03405-f_at,2
axo10199-f_at,2
axo12844-f_at,2
axo10296-f_at,2
axo03620-f_at,2
axo05086-r_at,2
axo16899-f_at,2
axo07028-f_at,2
axo28423-f_at,2
axo13004-f_at,2
axo11234-f_at,2
axo28306-f_at,2
axo11228-f_at,2
axo11630-f_at,2
axo05795-f_at,2
axo10582-f_at,2
axo13716-f_at,2
axo10507-f_at,2
axo05090-f_at,2
axo16018-f_at,2
axo11559-f_at,2
axo11560-f_at,2
axo15089-f_at,2
axo13451-f_at,2
axo04756-f_at,2
axo19487-f_at,2
axo07538-r_at,2
axo06891-f_at,2
axo01975-r_at,2
axo30533-f_at,2
axo01694-f_at,2
axo19885-f_at,2
axo17398-f_at,2
axo16533-f_at,2
axo06333-r_at,2
axo07675-f_at,2
axo20185-f_at,2
axo19304-f_at,2
axo15562-r_at,2
axo00848-f_at,2
axo07256-f_at,2
axo07843-r_at,2
axo14484-r_at,2
axo10429-f_at,2
axo10023-f_at,2
axo04958-f_at,2
axo08666-r_at,2
axo17847-r_at,2
axo05160-f_at,2
axo17611-f_at,2
axo18416-f_at,2
axo12386-f_at,2
axo17990-f_at,2
axo20078-f_at,2
axo18720-f_at,2
axo13586-r_at,2
axo05676-f_at,2
axo05451-f_at,2
axo02050-r_at,2
axo10528-f_at,2
axo15931-f_at,2
axo11354-f_at,2
axo01339-f_at,2
axo01465-f_at,2
axo13670-f_at,2
axo17374-r_at,2
axo17844-f_at,2
axo04385-f_at,2
axo04386-f_at,2
axo00607-f_at,2
axo05963-r_at,2
axo08227-r_at,2
axo08494-f_at,2
axo12735-f_at,2
axo09007-f_at,2
axo18139-r_at,2
axo15071-f_at,2
axo06839-f_at,2
axo04382-f_at,2
axo11574-f_at,2
axo01780-f_at,2
axo20046-f_at,2
axo02413-f_at,2
axo16848-f_at,2
axo08247-r_at,2
axo10865-f_at,2
axo05213-f_at,2
axo08062-f_at,2
axo08237-r_at,2
axo16473-f_at,2
axo12874-r_at,2
axo17084-f_at,2
axo00592-f_at,2
axo00595-f_at,2
axo06342-f_at,2
axo04275-f_at,2
axo13373-f_at,2
axo06804-r_at,2
axo21050-f_at,2
axo07192-f_at,2
axo04361-f_at,2
axo12565-f_at,2
axo04737-f_at,2
axo10198-f_at,2
axo07026-f_at,2
axo03444-f_at,2
axo20000-f_at,2
axo07942-f_at,2
axo10843-f_at,2
axo12421-f_at,2
axo13801-f_at,2
axo17556-f_at,2
axo11791-f_at,2
axo07632-f_at,2
axo11519-f_at,2
axo12293-f_at,2
axo01126-f_at,2
axo05468-r_at,2
axo02405-r_at,2
axo03501-r_at,2
axo15801-r_at,2
axo08028-f_at,2
axo16333-f_at,2
axo15862-f_at,2
axo17501-f_at,2
axo00966-f_at,2
axo00967-r_at,2
axo08201-f_at,2
axo01851-f_at,2
axo10195-f_at,2
axo20634-f_at,2
axo07763-f_at,2
axo13761-f_at,2
axo12214-r_at,2
axo03135-r_at,2
axo18238-f_at,2
axo06372-r_at,2
axo15057-f_at,2
axo07543-r_at,2
axo06876-f_at,2
axo15972-f_at,2
axo16356-r_at,2
axo09064-f_at,2
axo05589-f_at,2
axo17577-f_at,2
axo16022-f_at,2
axo00447-r_at,2
axo18365-f_at,2
axo05453-f_at,2
axo06864-r_at,2
axo28827-f_at,2
axo10186-f_at,2
axo02268-r_at,2
axo12667-r_at,2
axo21007-f_at,2
axo14140-f_at,2
axo06228-r_at,2
axo07030-f_at,2
axo17405-f_at,2
axo05344-r_at,2
axo09216-f_at,2
axo00641-r_at,2
axo07666-f_at,2
axo18040-f_at,2
axo17504-f_at,2
axo07645-f_at,2
axo07571-f_at,2
axo05536-f_at,2
axo14729-r_at,2
axo11073-r_at,2
axo04609-f_at,2
axo15323-f_at,2
axo07201-f_at,2
axo09501-f_at,2
axo07029-r_at,2
axo15539-f_at,2
axo19064-f_at,2
axo16962-f_at,2
axo20044-f_at,2
axo01993-f_at,2
axo19615-f_at,2
axo02762-f_at,2
axo17017-f_at,2
axo04680-r_at,2
axo18951-r_at,2
axo18005-f_at,2
axo03126-r_at,2
axo19962-r_at,2
axo13764-f_at,2
axo02378-f_at,2
axo05871-f_at,2
axo11561-f_at,2
axo28320-f_at,2
axo03604-f_at,2
axo10381-f_at,2
axo00726-f_at,2
axo06715-f_at,2
axo16865-r_at,2
axo07210-r_at,2
axo00840-f_at,2
axo04480-f_at,2
axo05909-f_at,2
axo27481-f_at,2
axo20336-r_at,2
axo06663-f_at,2
axo05350-f_at,2
axo09742-r_at,2
axo20503-f_at,2
axo00306-f_at,2
axo15318-f_at,2
axo02937-f_at,2
axo15555-f_at,2
axo07016-f_at,2
axo01334-f_at,2
axo25515-f_at,2
axo14210-r_at,2
axo19733-r_at,2
axo12997-f_at,2
axo16012-f_at,2
axo17262-f_at,2
axo06419-f_at,2
axo12729-f_at,2
axo08083-f_at,2
axo08972-r_at,2
axo17623-r_at,2
axo05162-f_at,2
axo04644-f_at,2
axo01385-f_at,2
axo12416-f_at,2
axo25906-f_at,2
axo14532-r_at,2
axo18109-r_at,2
axo18963-f_at,2
axo07403-r_at,2
axo11977-f_at,2
axo10713-f_at,2
axo01164-r_at,2
axo05581-r_at,2
axo02735-r_at,2
axo11785-f_at,2
axo09595-f_at,2
axo00151-r_at,2
axo17411-r_at,2
axo08086-f_at,2
axo03342-f_at,2
axo17863-r_at,2
axo09286-f_at,2
axo27308-f_at,2
axo04277-f_at,2
axo17020-r_at,2
axo20148-f_at,2
axo05704-f_at,2
axo06334-f_at,2
axo06594-f_at,2
axo05597-r_at,2
axo08830-f_at,2
axo27640-f_at,2
axo03344-f_at,2
axo15964-r_at,2
axo03736-f_at,2
axo17396-f_at,2
axo14607-f_at,2
axo09857-f_at,2
axo05851-f_at,2
axo13587-f_at,2
axo15070-f_at,2
axo11715-f_at,2
axo06199-f_at,2
axo00859-f_at,2
axo08363-r_at,2
axo00745-f_at,2
axo06498-r_at,2
axo08084-f_at,2
axo18728-f_at,2
axo05580-f_at,2
axo19394-f_at,2
axo00188-r_at,2
axo14680-f_at,2
axo08861-f_at,2
axo00655-r_at,2
axo05694-r_at,2
axo02777-f_at,2
axo09409-f_at,2
axo07213-f_at,2
axo14796-r_at,2
axo08119-f_at,2
axo09717-f_at,2
axo20047-r_at,2
axo10275-f_at,2
axo29181-f_at,2
axo15376-r_at,2
axo18657-f_at,2
axo10771-r_at,2
axo10332-f_at,2
axo08163-r_at,2
axo11602-r_at,2
axo16245-f_at,2
axo02696-f_at,2
axo10665-f_at,2
axo10218-f_at,2
axo24769-f_at,2
axo11216-f_at,2
axo10305-r_at,2
axo03584-r_at,2
axo04611-r_at,2
axo18223-r_at,2
axo01256-r_at,2
axo01704-f_at,2
axo02482-f_at,2
axo08211-f_at,2
axo17378-f_at,2
axo06801-r_at,2
axo18731-r_at,2
axo18762-f_at,2
axo17994-f_at,2
axo13790-r_at,2
axo13035-f_at,2
axo12826-f_at,2
axo08835-f_at,2
axo08102-f_at,2
axo30113-f_at,2
axo16769-f_at,2
axo11508-f_at,2
axo01586-r_at,2
axo27531-f_at,2
axo19974-f_at,2
axo07711-r_at,2
axo07326-r_at,2
axo18334-f_at,2
axo25216-f_at,2
axo19026-r_at,2
axo17963-r_at,2
axo08778-f_at,2
axo18135-f_at,2
axo05232-f_at,2
axo02697-f_at,2
axo06349-r_at,2
axo04166-r_at,2
axo00614-f_at,2
axo03415-r_at,2
axo11726-r_at,2
axo25117-f_at,2
axo07258-r_at,2
axo18169-f_at,2
axo17191-f_at,2
axo12526-r_at,2
axo03608-f_at,2
axo15278-f_at,2
axo09402-r_at,2
axo01316-r_at,2
axo18181-r_at,2
axo12303-f_at,2
axo17943-f_at,2
axo03124-r_at,2
axo18641-r_at,2
axo25922-f_at,2
axo08194-r_at,2
axo04585-f_at,2
axo02174-f_at,2
axo07765-f_at,2
axo07233-r_at,2
axo07766-f_at,2
axo06404-r_at,2
axo06406-r_at,2
axo07764-f_at,2
axo19367-f_at,2
axo16734-r_at,2
axo05361-f_at,2
axo06405-r_at,2
axo07792-f_at,2
axo04891-f_at,2
axo10815-f_at,2
axo17603-f_at,2
axo19119-f_at,2
axo00393-f_at,2
axo01447-f_at,2
axo02142-f_at,2
axo02601-f_at,2
axo16940-r_at,2
axo02260-r_at,2
axo12350-f_at,2
axo07311-f_at,2
axo28004-f_at,2
axo15473-r_at,2
axo16589-f_at,2
axo06682-f_at,2
axo11663-f_at,2
axo10682-r_at,2
axo10509-f_at,2
axo03514-r_at,2
axo00786-f_at,2
axo05464-r_at,2
axo19906-f_at,2
axo07715-f_at,2
axo12561-r_at,2
axo16761-f_at,2
axo16939-f_at,2
axo24612-f_at,2
axo19656-f_at,2
axo02934-r_at,2
axo08651-f_at,2
axo08539-f_at,2
axo05514-r_at,2
axo19992-f_at,2
axo02691-f_at,2
axo03572-f_at,2
axo07814-f_at,2
axo02865-r_at,2
axo06571-r_at,2
axo19859-r_at,2
axo29193-f_at,2
axo20039-f_at,2
axo08631-r_at,2
axo11158-f_at,2
axo11670-r_at,2
axo09338-r_at,2
axo00014-r_at,2
axo18898-r_at,2
axo08772-f_at,2
axo20048-f_at,2
axo07458-f_at,2
axo05917-f_at,2
axo00233-f_at,2
axo07832-r_at,2
axo07919-r_at,2
axo07918-r_at,2
axo18008-f_at,2
axo06329-f_at,2
axo13266-f_at,2
axo07214-M_at,2
axo07214-5_at,2
axo04563-f_at,2
axo18324-r_at,2
axo13574-f_at,2
axo13654-f_at,2
axo28263-f_at,2
axo09607-f_at,2
axo03340-f_at,2
axo14672-f_at,2
axo16818-f_at,2
axo04280-f_at,2
axo12457-r_at,2
axo04738-f_at,2
axo12244-f_at,2
axo07299-f_at,2
axo08442-f_at,2
axo17132-f_at,2
axo05376-r_at,2
axo02391-f_at,2
axo17390-f_at,2
axo00427-f_at,2
axo02092-f_at,2
axo03263-f_at,2
axo05099-f_at,2
axo18821-r_at,2
axo10687-r_at,2
axo01279-f_at,2
axo16984-f_at,2
axo09789-r_at,2
axo06945-f_at,2
axo27182-f_at,2
axo11217-r_at,2
axo17495-f_at,2
axo15830-r_at,2
axo18968-f_at,2
axo09761-f_at,2
axo05714-f_at,2
axo09382-f_at,2
axo01885-f_at,2
axo06018-r_at,2
axo11723-r_at,2
axo01567-r_at,2
axo11608-f_at,2
axo08251-f_at,2
axo08250-f_at,2
axo13476-f_at,2
axo13532-f_at,2
axo05937-r_at,2
axo18766-r_at,2
axo01345-f_at,2
axo13632-r_at,2
axo05783-r_at,2
axo18779-f_at,2
axo28644-f_at,2
axo09325-f_at,2
axo06016-r_at,2
axo09326-r_at,2
axo13270-f_at,2
axo12962-r_at,2
axo08021-f_at,2
axo19378-f_at,2
axo16503-f_at,2
axo15688-f_at,2
axo10219-r_at,2
axo19983-r_at,2
axo20155-r_at,2
axo19758-r_at,2
axo07357-f_at,2
axo16121-f_at,2
axo29369-f_at,2
axo16897-r_at,2
axo04344-f_at,2
axo00291-r_at,2
axo16414-r_at,2
axo01257-r_at,2
axo16891-f_at,2
axo18220-r_at,2
axo07606-f_at,2
axo28923-f_at,2
axo18737-f_at,2
axo10172-f_at,2
axo18070-r_at,2
axo13606-f_at,2
axo07018-f_at,2
axo17989-f_at,2
axo02320-f_at,2
axo20329-f_at,2
axo11024-f_at,2
axo15312-f_at,2
axo18377-f_at,2
axo02299-f_at,2
axo18653-f_at,2
axo07943-f_at,2
axo07742-r_at,2
axo08331-r_at,2
axo02384-r_at,2
axo17619-f_at,2
axo01377-r_at,2
axo17446-f_at,2
axo12579-f_at,2
axo18486-r_at,2
axo07844-r_at,2
axo18827-r_at,2
axo17962-r_at,2
axo01226-f_at,2
axo05789-f_at,2
axo13702-r_at,2
axo06203-r_at,2
axo05740-r_at,2
axo14279-f_at,2
axo25738-f_at,2
axo15058-f_at,2
axo15587-f_at,2
axo01558-f_at,2
axo06248-r_at,2
axo06618-f_at,2
axo17213-f_at,2
axo00865-r_at,2
axo18202-f_at,2
axo15590-f_at,2
axo06163-f_at,2
axo27699-f_at,2
axo06205-r_at,2
axo19320-f_at,2
axo16418-r_at,2
axo09599-f_at,2
axo13728-f_at,2
axo08588-f_at,2
axo31457-f_at,2
axo15104-f_at,2
axo03575-f_at,2
axo07686-f_at,2
axo17091-f_at,2
axo15770-f_at,2
axo01864-r_at,2
axo19855-f_at,2
axo05942-r_at,2
axo02825-f_at,2
axo01880-r_at,2
axo13338-f_at,2
axo03431-f_at,2
axo12904-f_at,2
axo05164-f_at,2
axo12133-f_at,2
axo00638-r_at,2
axo01347-r_at,2
axo10655-f_at,2
axo11173-f_at,2
axo05291-r_at,2
axo21383-f_at,2
axo03630-f_at,2
axo11783-f_at,2
axo16187-f_at,2
axo04578-r_at,2
axo17498-f_at,2
axo07894-r_at,2
axo07789-f_at,2
axo02675-f_at,2
axo05177-r_at,2
axo12280-f_at,2
axo16735-f_at,2
axo19112-f_at,2
axo08445-f_at,2
axo08443-f_at,2
axo02428-f_at,2
axo11497-f_at,2
axo04127-f_at,2
axo00092-f_at,2
axo11178-r_at,2
axo00385-f_at,2
axo01271-f_at,2
axo26194-f_at,2
axo17246-f_at,2
axo00432-f_at,2
axo06260-r_at,2
axo07526-f_at,2
axo13049-r_at,2
axo13904-r_at,2
axo08755-f_at,2
axo05013-f_at,2
axo05680-r_at,2
axo13511-r_at,2
axo04901-r_at,2
axo05104-f_at,2
axo10782-r_at,2
axo07315-f_at,2
axo27628-f_at,2
axo11207-r_at,2
axo02421-f_at,2
axo14301-f_at,2
axo05267-f_at,2
axo18508-f_at,2
axo03456-f_at,2
axo02339-f_at,2
axo03296-r_at,2
axo01818-f_at,2
axo16336-f_at,2
axo04951-f_at,2
axo01483-f_at,2
axo01484-r_at,2
axo14677-f_at,2
axo09873-f_at,2
axo06808-f_at,2
axo06807-f_at,2
axo05531-f_at,2
axo19866-f_at,2
axo19865-f_at,2
axo13130-f_at,2
axo24689-f_at,2
axo02500-f_at,2
axo02765-f_at,2
axo09472-r_at,2
axo01101-f_at,2
axo20063-f_at,2
axo20266-f_at,2
axo20268-f_at,2
axo03750-r_at,2
axo16065-f_at,2
axo06531-f_at,2
axo09805-f_at,2
axo02269-f_at,2
axo08046-f_at,2
axo31653-f_at,2
axo02895-f_at,2
axo11224-r_at,2
axo18170-f_at,2
axo15309-f_at,2
axo04979-f_at,2
axo07495-f_at,2
axo21473-f_at,2
axo19935-f_at,2
axo01185-f_at,2
axo14985-r_at,2
axo17046-r_at,2
axo15216-f_at,2
axo19668-f_at,2
axo14675-f_at,2
axo12581-f_at,2
axo12580-f_at,2
axo06748-r_at,2
axo06749-r_at,2
axo04109-f_at,2
axo05183-r_at,2
axo11568-f_at,2
axo11571-r_at,2
axo00009-r_at,2
axo07537-f_at,2
axo10779-r_at,2
axo15633-r_at,2
axo00277-f_at,2
axo07648-r_at,2
axo05504-f_at,2
axo08860-r_at,2
axo11826-r_at,2
axo00897-f_at,2
axo16286-r_at,2
axo10449-f_at,2
axo07967-f_at,2
axo14275-f_at,2
axo09228-f_at,2
axo20196-r_at,2
axo28214-f_at,2
axo11391-f_at,2
axo18475-r_at,2
axo08685-r_at,2
axo01131-f_at,2
axo17453-r_at,2
axo00773-r_at,2
axo16732-r_at,2
axo13354-r_at,2
axo13551-f_at,2
axo16971-f_at,2
axo05682-f_at,2
axo06897-r_at,2
axo18716-f_at,2
axo18878-r_at,2
axo18730-r_at,2
axo02573-f_at,2
axo18376-f_at,2
axo16271-f_at,2
axo15048-r_at,2
axo25619-f_at,2
axo15395-r_at,2
axo12191-f_at,2
axo00934-f_at,2
axo15294-f_at,2
axo09269-f_at,2
axo01796-r_at,2
axo19650-f_at,2
axo13536-r_at,2
axo10311-f_at,2
axo06627-r_at,2
axo10502-f_at,2
axo14381-f_at,2
axo25161-f_at,2
axo12009-f_at,2
axo12003-f_at,2
axo30224-f_at,2
axo19954-r_at,2
axo10960-r_at,2
axo18973-f_at,2
axo28852-f_at,2
axo19600-f_at,2
axo02095-f_at,2
axo02658-f_at,2
axo04153-f_at,2
axo17889-f_at,2
axo09044-r_at,2
axo09043-r_at,2
axo19125-r_at,2
axo19313-f_at,2
axo01525-r_at,2
axo01517-f_at,2
axo18400-f_at,2
axo05621-r_at,2
axo14267-f_at,2
axo20184-f_at,2
axo19319-f_at,2
axo25777-f_at,2
axo14434-r_at,2
axo26217-f_at,2
axo25753-f_at,2
axo15806-f_at,2
axo01157-r_at,2
axo00861-r_at,2
axo10421-f_at,2
axo07126-f_at,2
axo19433-f_at,2
axo02938-f_at,2
axo11448-f_at,2
axo00832-f_at,2
axo03538-f_at,2
axo06895-r_at,2
axo24958-f_at,2
axo06599-r_at,2
axo12746-f_at,2
axo19365-f_at,2
axo00398-r_at,2
axo03449-f_at,2
axo05521-r_at,2
axo18078-f_at,2
axo17422-f_at,2
axo12892-r_at,2
axo10102-r_at,2
axo02525-f_at,2
axo16491-f_at,3
axo13605-r_at,3
axo17796-f_at,3
axo12210-f_at,3
axo05307-f_at,3
axo18074-f_at,3
axo21080-f_at,3
axo13717-r_at,3
axo08700-f_at,3
axo11179-f_at,3
axo05214-f_at,3
axo03332-f_at,3
axo14898-r_at,3
axo00841-r_at,3
axo05057-f_at,3
axo03561-f_at,3
axo12520-r_at,3
axo15550-f_at,3
axo02823-f_at,3
axo10297-f_at,3
axo06308-r_at,3
axo20613-f_at,3
axo29537-f_at,3
axo10575-f_at,3
axo13084-r_at,3
axo14750-f_at,3
axo05212-f_at,3
axo15812-f_at,3
axo17896-f_at,3
axo15655-f_at,3
axo01403-f_at,3
axo13133-f_at,3
axo13134-r_at,3
axo05497-f_at,3
axo29757-f_at,3
axo01212-f_at,3
axo25432-f_at,3
axo06546-r_at,3
axo07544-r_at,3
axo07965-f_at,3
axo18055-f_at,3
axo02986-f_at,3
axo07001-f_at,3
axo30500-f_at,3
axo03583-f_at,3
axo00772-r_at,3
axo06773-f_at,3
axo06589-f_at,3
axo07788-f_at,3
axo20772-f_at,3
axo05195-f_at,3
axo15320-f_at,3
axo15321-f_at,3
axo19808-f_at,3
axo04878-f_at,3
axo08863-f_at,3
axo06251-f_at,3
axo06252-f_at,3
axo05395-f_at,3
axo07928-f_at,3
axo08724-r_at,3
axo07927-f_at,3
axo06790-f_at,3
axo12091-f_at,3
axo10728-f_at,3
axo02234-f_at,3
axo11699-r_at,3
axo19639-r_at,3
axo31543-f_at,3
axo08587-f_at,3
axo05885-f_at,3
axo10084-r_at,3
axo07731-f_at,3
axo01666-f_at,3
axo21008-f_at,3
axo25634-f_at,3
axo15612-f_at,3
axo15433-r_at,3
axo12218-f_at,3
axo13891-r_at,3
axo13184-f_at,3
axo09348-f_at,3
axo00815-f_at,3
axo07574-f_at,3
axo00774-f_at,3
axo20159-f_at,3
axo08760-f_at,3
axo03692-f_at,3
axo19896-f_at,3
axo14617-f_at,3
axo04462-r_at,3
axo14367-r_at,3
axo14727-r_at,3
axo08704-r_at,3
axo19462-f_at,3
axo02597-f_at,3
axo15495-f_at,3
axo11734-f_at,3
axo06965-f_at,3
axo25307-f_at,3
axo03552-r_at,3
axo03262-f_at,3
axo05469-r_at,3
axo08955-r_at,3
axo03072-f_at,3
axo07486-f_at,3
axo02633-f_at,3
axo16701-r_at,3
axo11395-r_at,3
axo10592-f_at,3
axo07795-f_at,3
axo09539-f_at,3
axo17187-r_at,3
axo00413-f_at,3
axo15358-r_at,3
axo31552-f_at,3
axo16450-f_at,3
axo10890-f_at,3
axo11260-r_at,3
axo15083-r_at,3
axo14526-f_at,3
axo11869-r_at,3
axo15685-r_at,3
axo15597-f_at,3
axo13697-f_at,3
axo01086-f_at,3
axo18085-f_at,3
axo11703-f_at,3
axo17179-r_at,3
axo03198-f_at,3
axo02464-f_at,3
axo12075-r_at,3
axo07088-f_at,3
axo12138-r_at,3
axo05577-f_at,3
axo08209-f_at,3
axo16347-f_at,3
axo07229-r_at,3
axo08054-f_at,3
axo10675-r_at,3
axo17011-r_at,3
axo05624-r_at,3
axo06785-f_at,3
axo07350-r_at,3
axo07352-f_at,3
axo19152-f_at,3
axo05062-r_at,3
axo07966-f_at,3
axo18593-r_at,3
axo00854-f_at,3
axo17379-f_at,3
axo06765-f_at,3
axo10922-f_at,3
axo15427-f_at,3
axo17474-f_at,3
axo19613-r_at,3
axo01192-r_at,3
axo10152-r_at,3
axo11399-f_at,3
axo10448-r_at,3
axo17416-r_at,3
axo08094-f_at,3
axo08053-f_at,3
axo13242-f_at,3
axo06718-r_at,3
axo19228-r_at,3
axo16399-f_at,3
axo06019-f_at,3
axo04293-r_at,3
axo15210-r_at,3
axo17616-f_at,3
axo02807-r_at,3
axo16723-f_at,3
axo18684-r_at,3
axo04151-r_at,3
axo08632-r_at,3
axo13826-f_at,3
axo10246-r_at,3
axo16338-r_at,3
axo16337-r_at,3
axo11369-f_at,3
axo12674-f_at,3
axo10140-f_at,3
axo12845-f_at,3
axo12791-f_at,3
axo12663-r_at,3
axo13973-f_at,3
axo11125-f_at,3
axo13193-f_at,3
axo06647-r_at,3
axo08438-f_at,3
axo06648-f_at,3
axo14871-f_at,3
axo06778-f_at,3
axo16214-r_at,3
axo16213-r_at,3
axo14000-f_at,3
axo02153-r_at,3
axo07610-f_at,3
axo01297-f_at,3
axo14870-r_at,3
axo13169-f_at,3
axo05961-f_at,3
axo03203-r_at,3
axo15381-r_at,3
axo11611-f_at,3
axo17671-r_at,3
axo04348-f_at,3
axo17672-r_at,3
axo19816-f_at,3
axo11616-f_at,3
axo18989-f_at,3
axo16949-f_at,3
axo01888-r_at,3
axo11533-f_at,3
axo20281-r_at,3
axo05600-f_at,3
axo19301-f_at,3
axo01265-f_at,3
axo14584-f_at,3
axo16294-r_at,3
axo17421-f_at,3
axo06874-r_at,3
axo11362-f_at,3
axo18471-r_at,3
axo19525-r_at,3
axo00744-f_at,3
axo02517-f_at,3
axo08282-f_at,3
axo04525-f_at,3
axo06004-f_at,3
axo01652-f_at,3
axo19802-r_at,3
axo01554-f_at,3
axo00110-f_at,3
axo27843-f_at,3
axo08659-f_at,3
axo13810-f_at,3
axo11674-r_at,3
axo04853-f_at,3
axo18165-r_at,3
axo11643-f_at,3
axo14061-f_at,3
axo02121-r_at,3
axo07549-f_at,3
axo08683-f_at,3
axo19509-f_at,3
axo11847-f_at,3
axo01200-r_at,3
axo16631-f_at,3
axo08653-f_at,3
axo16980-f_at,3
axo17564-f_at,3
axo01145-f_at,3
axo01146-f_at,3
axo14094-r_at,3
axo12432-r_at,3
axo19533-r_at,3
axo05956-f_at,3
axo15233-f_at,3
axo08403-f_at,3
axo09903-f_at,3
axo11516-f_at,3
axo10169-r_at,3
axo11067-f_at,3
axo18492-f_at,3
axo14531-f_at,3
axo14930-f_at,3
axo04535-f_at,3
axo04294-f_at,3
axo19229-f_at,3
axo09298-f_at,3
axo18619-f_at,3
axo09979-f_at,3
axo01369-f_at,3
axo16106-f_at,3
axo11338-r_at,3
axo31357-f_at,3
axo03112-r_at,3
axo05374-f_at,3
axo11277-f_at,3
axo11767-r_at,3
axo14856-r_at,3
axo12539-r_at,3
axo16383-r_at,3
axo29366-f_at,3
axo20673-f_at,3
axo20777-f_at,3
axo00325-r_at,3
axo18697-f_at,3
axo08300-f_at,3
axo11056-f_at,3
axo21075-f_at,3
axo07791-f_at,3
axo18467-f_at,3
axo12770-f_at,3
axo20316-f_at,3
axo08722-f_at,3
axo17267-f_at,3
axo04616-r_at,3
axo01493-f_at,3
axo03219-f_at,3
axo16376-r_at,3
axo10567-r_at,3
axo11330-f_at,3
axo00635-r_at,3
axo00106-r_at,3
axo08278-f_at,3
axo10279-f_at,3
axo13776-r_at,3
axo03204-f_at,3
axo13625-f_at,3
axo13023-r_at,3
axo19456-r_at,3
axo09899-f_at,3
axo13161-r_at,3
axo15211-r_at,3
axo17373-f_at,3
axo21130-f_at,3
axo04599-f_at,3
axo01922-r_at,3
axo08702-f_at,3
axo15553-f_at,3
axo05054-f_at,3
axo11017-f_at,3
axo21236-f_at,3
axo20813-f_at,3
axo20055-f_at,3
axo15561-r_at,3
axo14726-r_at,3
axo11097-f_at,3
axo04502-f_at,3
axo19097-r_at,3
axo18296-f_at,3
axo18189-f_at,3
axo14122-f_at,3
axo02727-f_at,3
axo21354-f_at,3
axo02709-f_at,3
axo12699-f_at,3
axo12700-r_at,3
axo19397-f_at,3
axo07067-f_at,3
axo10345-f_at,3
axo16085-f_at,3
axo11859-f_at,3
axo16087-f_at,3
axo09449-f_at,3
axo09027-f_at,3
axo06028-r_at,3
axo13845-f_at,3
axo19761-f_at,3
axo02913-r_at,3
axo20707-f_at,3
axo14470-r_at,3
axo16378-f_at,3
axo10374-f_at,3
axo02497-f_at,3
axo19105-f_at,3
axo01495-f_at,3
axo07677-f_at,3
axo05068-f_at,3
axo09349-f_at,3
axo06974-f_at,3
axo12620-r_at,3
axo18411-f_at,3
axo17431-r_at,3
axo15281-r_at,3
axo10320-f_at,3
axo08764-f_at,3
axo15546-f_at,3
axo11690-f_at,3
axo12540-f_at,3
axo04089-r_at,3
axo01585-f_at,3
axo04877-f_at,3
axo04876-f_at,3
axo05780-f_at,3
axo08172-f_at,3
axo04271-r_at,3
axo12045-f_at,3
axo16249-r_at,3
axo10664-r_at,3
axo16248-f_at,3
axo15787-f_at,3
axo05365-r_at,3
axo05883-r_at,3
axo19210-f_at,3
axo19812-f_at,3
axo03207-f_at,3
axo19810-r_at,3
axo07451-f_at,3
axo18664-f_at,3
axo13043-f_at,3
axo06743-f_at,3
axo06034-f_at,3
axo03242-r_at,3
axo07323-f_at,3
axo19881-f_at,3
axo02374-r_at,3
axo15888-f_at,3
axo08136-f_at,3
axo18164-f_at,3
axo15545-f_at,3
axo20529-f_at,3
axo02466-f_at,3
axo09213-r_at,3
axo06473-f_at,3
axo00761-f_at,3
axo15328-r_at,3
axo17661-r_at,3
axo19200-f_at,3
axo11233-f_at,3
axo07790-r_at,3
axo00377-f_at,3
axo08051-f_at,3
axo14037-f_at,3
axo04417-f_at,3
axo18066-f_at,3
axo03191-f_at,3
axo16609-f_at,3
axo03836-f_at,3
axo07077-r_at,3
axo17331-f_at,3
axo17523-f_at,3
axo06993-f_at,3
axo04523-r_at,3
axo05180-f_at,3
axo18813-f_at,3
axo18086-f_at,3
axo16469-r_at,3
axo06635-f_at,3
axo10042-f_at,3
axo04687-r_at,3
axo07646-f_at,3
axo02902-r_at,3
axo02410-f_at,3
axo12055-r_at,3
axo15231-r_at,3
axo03445-r_at,3
axo12221-f_at,3
axo15260-f_at,3
axo18069-r_at,3
axo00993-r_at,3
axo19895-f_at,3
axo00008-f_at,3
axo02667-f_at,3
axo03637-r_at,3
axo08073-f_at,3
axo10671-f_at,3
axo17810-r_at,3
axo23752-r_at,3
axo04232-r_at,3
axo08115-f_at,3
axo19646-r_at,3
axo00121-r_at,3
axo13537-f_at,3
axo09728-r_at,3
axo18461-r_at,3
axo01863-r_at,3
axo13215-r_at,3
axo10114-r_at,3
axo02558-f_at,3
axo01955-f_at,3
axo05142-f_at,3
axo10155-f_at,3
axo15977-f_at,3
axo02922-r_at,3
axo05371-f_at,3
axo12664-f_at,3
axo30214-f_at,3
axo18750-f_at,3
axo04897-f_at,3
axo04869-f_at,3
axo10961-f_at,3
axo00637-f_at,3
axo24568-f_at,3
axo03536-r_at,3
axo20065-r_at,3
axo19944-f_at,3
axo15374-f_at,3
axo13042-f_at,3
axo15442-r_at,3
axo15911-r_at,3
axo13755-f_at,3
axo07536-f_at,3
axo20097-f_at,3
axo11425-f_at,3
axo09398-f_at,3
axo28765-f_at,3
axo29344-f_at,3
axo18274-r_at,3
axo01759-f_at,3
axo05027-f_at,3
axo16938-r_at,3
axo10419-r_at,3
axo01715-f_at,3
axo12025-f_at,3
axo25241-f_at,3
axo14121-f_at,3
axo09906-r_at,3
axo13040-r_at,3
axo17817-r_at,3
axo02640-f_at,3
axo00476-f_at,3
axo25833-f_at,3
axo15722-f_at,3
axo01509-f_at,3
axo05569-f_at,3
axo08669-f_at,3
axo01875-f_at,3
axo30219-f_at,3
axo28421-f_at,3
axo04349-r_at,3
axo15055-f_at,3
axo13260-r_at,3
axo29426-f_at,3
axo06557-f_at,3
axo05141-f_at,3
axo02977-f_at,3
axo29026-f_at,3
axo10220-f_at,3
axo02921-f_at,3
axo01485-f_at,3
axo10227-f_at,3
axo07449-f_at,3
axo13377-f_at,3
axo08351-f_at,3
axo07647-f_at,3
axo05886-f_at,3
axo05300-r_at,3
axo17955-f_at,3
axo17975-f_at,3
axo17270-f_at,3
axo13481-f_at,3
axo17826-f_at,3
axo17461-f_at,3
axo04871-r_at,3
axo19990-f_at,3
axo03383-f_at,3
axo07944-f_at,3
axo00722-f_at,3
axo11940-f_at,3
axo09687-f_at,3
axo11419-r_at,3
axo01284-r_at,3
axo08497-r_at,3
axo09433-f_at,3
axo13564-f_at,3
axo17620-f_at,3
axo09798-r_at,3
axo07460-f_at,3
axo06154-f_at,3
axo13455-f_at,3
axo05901-f_at,3
axo10182-f_at,3
axo10242-f_at,3
axo01572-r_at,3
axo17440-f_at,3
axo13533-r_at,3
axo01555-f_at,3
axo10418-f_at,3
axo16840-r_at,3
axo17034-r_at,3
axo05427-f_at,3
axo07760-f_at,3
axo19002-f_at,3
axo05786-f_at,3
axo09980-f_at,3
axo09629-f_at,3
axo15594-f_at,3
axo11278-f_at,3
axo11153-f_at,3
axo06824-f_at,3
axo12050-r_at,3
axo31401-f_at,3
axo17942-f_at,3
axo07835-f_at,3
axo09085-f_at,3
axo06374-f_at,3
axo17508-f_at,3
axo10068-f_at,3
axo03042-r_at,3
axo03402-r_at,3
axo07638-f_at,3
axo17053-f_at,3
axo17070-f_at,3
axo05106-f_at,3
axo19127-f_at,3
axo26893-f_at,3
axo12180-f_at,3
axo01321-f_at,3
axo09992-r_at,3
axo10284-f_at,3
axo05854-f_at,3
axo10503-r_at,3
axo09304-f_at,3
axo12197-f_at,3
axo29942-f_at,3
axo07650-f_at,3
axo07657-f_at,3
axo07656-f_at,3
axo06802-f_at,3
axo11817-f_at,3
axo03044-f_at,3
axo16184-f_at,3
axo07815-f_at,3
axo08939-f_at,3
axo05207-f_at,3
axo27297-f_at,3
axo11096-f_at,3
axo09767-f_at,3
axo16960-f_at,3
axo16989-f_at,3
axo13069-f_at,3
axo05010-f_at,3
axo12741-f_at,3
axo03109-f_at,3
axo06658-f_at,3
axo05893-f_at,3
axo00212-f_at,3
axo15565-r_at,3
axo02539-f_at,3
axo12094-r_at,3
axo27624-f_at,3
axo06766-f_at,3
axo18831-f_at,3
axo10901-r_at,3
axo07105-f_at,3
axo01515-f_at,3
axo16582-f_at,3
axo18740-r_at,3
axo02424-f_at,3
axo01325-r_at,3
axo12374-f_at,3
axo10085-r_at,3
axo02604-r_at,3
axo03598-f_at,3
axo01433-r_at,3
axo01432-f_at,3
axo18683-f_at,3
axo03395-f_at,3
axo07516-f_at,3
axo08015-f_at,3
axo00028-f_at,3
axo00098-f_at,3
axo19227-f_at,3
axo02962-f_at,3
axo18097-r_at,3
axo20240-f_at,3
axo01057-f_at,3
axo01055-r_at,3
axo00004-r_at,3
axo05908-f_at,3
axo16730-f_at,3
axo16729-r_at,3
axo02549-r_at,3
axo10613-r_at,3
axo20064-f_at,3
axo03157-f_at,3
axo09845-f_at,3
axo12361-f_at,3
axo04917-f_at,3
axo12376-f_at,3
axo13565-r_at,3
axo01845-r_at,3
axo06255-r_at,3
axo19102-f_at,3
axo10006-f_at,3
axo24946-f_at,3
axo12495-f_at,3
axo26495-f_at,3
axo07591-f_at,3
axo17372-r_at,3
axo04122-f_at,3
axo00271-f_at,3
axo13622-f_at,3
axo12056-r_at,3
axo03064-f_at,3
axo17047-f_at,3
axo19012-f_at,3
axo00060-f_at,3
axo16479-r_at,3
axo07628-f_at,3
axo03441-f_at,3
axo15400-r_at,3
axo00504-f_at,3
axo11981-f_at,3
axo11135-r_at,3
axo18466-f_at,3
axo27847-f_at,3
axo04714-r_at,3
axo19548-r_at,3
axo15044-f_at,3
axo06768-r_at,3
axo02817-r_at,3
axo09535-f_at,3
axo28883-f_at,3
axo12902-f_at,3
axo07488-f_at,3
axo06968-f_at,3
axo11822-f_at,3
axo05028-r_at,3
axo11655-f_at,3
axo01092-f_at,3
axo07343-r_at,3
axo18661-f_at,3
axo14865-f_at,3
axo01195-r_at,3
axo06625-f_at,3
axo16967-f_at,3
axo15014-f_at,3
axo14298-r_at,3
axo17114-f_at,3
axo13412-f_at,3
axo04711-r_at,3
axo01673-r_at,3
axo16293-f_at,3
axo10596-f_at,3
axo19655-f_at,3
axo00626-f_at,3
axo09117-r_at,3
axo13561-f_at,3
axo01335-f_at,3
axo18646-f_at,3
axo00533-f_at,3
axo02853-f_at,3
axo06967-r_at,3
axo06128-f_at,3
axo04424-f_at,3
axo27399-f_at,3
axo10393-f_at,3
axo29990-f_at,3
axo00874-f_at,3
axo12831-f_at,3
axo13621-f_at,3
axo09540-f_at,3
axo16726-r_at,3
axo16731-f_at,3
axo04573-f_at,3
axo09580-f_at,3
axo13056-f_at,3
axo03452-f_at,3
axo13796-f_at,3
axo13216-r_at,3
axo12130-f_at,3
axo08615-r_at,3
axo18343-f_at,3
axo00395-f_at,3
axo08077-r_at,3
axo09431-f_at,3
axo27439-f_at,3
axo06171-r_at,3
axo04651-f_at,3
axo19015-f_at,3
axo18838-f_at,3
axo14583-f_at,3
axo17186-r_at,3
axo17524-r_at,3
axo00412-f_at,3
axo18395-f_at,3
axo15130-r_at,3
axo01249-f_at,3
axo08739-f_at,3
axo11547-f_at,3
axo16477-f_at,3
axo10923-f_at,3
axo04555-r_at,3
axo08095-r_at,3
axo24570-f_at,3
axo01743-f_at,3
axo13299-r_at,3
axo05258-f_at,3
axo27453-f_at,3
axo17893-r_at,3
axo01987-f_at,3
axo02353-r_at,3
axo28134-f_at,3
axo25989-f_at,3
axo12590-f_at,3
axo04820-f_at,3
axo06152-f_at,3
axo15982-f_at,3
axo16389-r_at,3
axo01143-f_at,3
axo12827-r_at,3
axo19334-f_at,3
axo17907-f_at,3
axo09285-r_at,3
axo16114-f_at,3
axo11633-r_at,3
axo09872-f_at,3
axo00052-r_at,3
axo06725-r_at,3
axo00912-f_at,3
axo02164-r_at,3
axo01549-f_at,3
axo06567-r_at,3
axo12587-f_at,3
axo14263-r_at,3
axo03105-f_at,3
axo15824-f_at,3
axo18928-r_at,3
axo01413-r_at,3
axo20207-f_at,3
axo09003-f_at,3
axo01381-f_at,3
axo08223-f_at,3
axo24581-f_at,3
axo08984-f_at,3
axo17159-f_at,3
axo06323-r_at,3
axo10331-r_at,3
axo05685-f_at,3
axo04529-f_at,3
axo16689-r_at,3
axo02508-f_at,3
axo00392-f_at,3
axo01331-f_at,3
axo02952-r_at,3
axo12814-r_at,3
axo00448-f_at,3
axo17376-f_at,3
axo18725-r_at,3
axo16345-f_at,3
axo05884-f_at,3
axo17559-r_at,3
axo17752-f_at,3
axo04160-f_at,3
axo13918-f_at,3
axo07829-r_at,3
axo05852-f_at,3
axo07288-f_at,3
axo09987-r_at,3
axo27228-f_at,3
axo12512-f_at,3
axo18713-r_at,3
axo16166-r_at,3
axo12254-f_at,3
axo10206-f_at,3
axo16916-r_at,3
axo09493-f_at,3
axo00391-r_at,3
axo05935-f_at,3
axo19453-r_at,3
axo04194-r_at,3
axo07891-r_at,3
axo13919-f_at,3
axo08427-r_at,3
axo00936-f_at,3
axo09451-f_at,3
axo31384-f_at,3
axo20403-f_at,3
axo12152-r_at,3
axo09537-f_at,4
axo07585-f_at,4
axo06337-f_at,4
axo12982-f_at,4
axo18413-r_at,4
axo07719-f_at,4
axo31716-f_at,4
axo01781-r_at,4
axo17123-f_at,4
axo10775-r_at,4
axo31296-f_at,4
axo16233-f_at,4
axo14150-f_at,4
axo18975-f_at,4
axo07964-r_at,4
axo12733-f_at,4
axo09991-f_at,4
axo08387-r_at,4
axo05046-f_at,4
axo21521-f_at,4
axo09909-f_at,4
axo04493-r_at,4
axo01573-f_at,4
axo12394-f_at,4
axo09990-f_at,4
axo14717-r_at,4
axo00161-f_at,4
axo18681-f_at,4
axo17388-f_at,4
axo10356-f_at,4
axo10354-f_at,4
axo10352-f_at,4
axo11037-f_at,4
axo16439-r_at,4
axo20238-f_at,4
axo10353-f_at,4
axo03215-f_at,4
axo16226-f_at,4
axo09868-f_at,4
axo09771-r_at,4
axo05777-f_at,4
axo04187-r_at,4
axo12288-f_at,4
axo01214-f_at,4
axo09994-f_at,4
axo11802-r_at,4
axo12262-f_at,4
axo14488-f_at,4
axo15416-f_at,4
axo02259-f_at,4
axo11205-f_at,4
axo01906-f_at,4
axo27458-f_at,4
axo12755-f_at,4
axo02706-f_at,4
axo09681-f_at,4
axo06197-r_at,4
axo14803-f_at,4
axo16824-f_at,4
axo17641-r_at,4
axo12171-f_at,4
axo04988-f_at,4
axo11082-f_at,4
axo16183-f_at,4
axo09045-f_at,4
axo18525-f_at,4
axo08844-f_at,4
axo00088-f_at,4
axo06142-f_at,4
axo12378-f_at,4
axo15758-r_at,4
axo00011-f_at,4
axo07477-f_at,4
axo17093-f_at,4
axo13263-f_at,4
axo01779-r_at,4
axo14380-f_at,4
axo12219-r_at,4
axo19785-f_at,4
axo07756-f_at,4
axo10912-f_at,4
axo07375-f_at,4
axo12159-f_at,4
axo01799-f_at,4
axo19480-f_at,4
axo00518-f_at,4
axo08309-f_at,4
axo10822-f_at,4
axo20049-f_at,4
axo05801-f_at,4
axo00809-f_at,4
axo03422-f_at,4
axo21474-f_at,4
axo07820-f_at,4
axo08845-f_at,4
axo09083-r_at,4
axo10796-r_at,4
axo10795-f_at,4
axo02731-f_at,4
axo07473-f_at,4
axo07306-r_at,4
axo09745-f_at,4
axo12175-f_at,4
axo12174-f_at,4
axo02394-f_at,4
axo05362-f_at,4
axo07368-f_at,4
axo17386-f_at,4
axo19900-f_at,4
axo07465-f_at,4
axo07100-f_at,4
axo04163-f_at,4
axo18502-r_at,4
axo12734-f_at,4
axo15086-r_at,4
axo11392-f_at,4
axo10052-f_at,4
axo04865-f_at,4
axo14096-r_at,4
axo06005-r_at,4
axo16843-r_at,4
axo15915-f_at,4
axo16109-f_at,4
axo10800-r_at,4
axo08184-f_at,4
axo21228-f_at,4
axo12439-f_at,4
axo21212-f_at,4
axo10051-f_at,4
axo15468-f_at,4
axo11576-f_at,4
axo10743-f_at,4
axo19887-f_at,4
axo01711-f_at,4
axo17518-f_at,4
axo00679-f_at,4
axo01342-f_at,4
axo01343-f_at,4
axo09438-f_at,4
axo15852-f_at,4
axo17115-f_at,4
axo02359-f_at,4
axo01943-r_at,4
axo11058-f_at,4
axo15069-r_at,4
axo12380-f_at,4
axo19257-f_at,4
axo08686-r_at,4
axo06643-f_at,4
axo04164-f_at,4
axo05399-f_at,4
axo24518-f_at,4
axo11003-r_at,4
axo20322-f_at,4
axo04848-f_at,4
axo16210-f_at,4
axo19651-f_at,4
axo10260-f_at,4
axo10259-f_at,4
axo02776-f_at,4
axo01937-f_at,4
axo02695-f_at,4
axo30225-f_at,4
axo18230-r_at,4
axo12605-f_at,4
axo11757-f_at,4
axo20277-f_at,4
axo17125-f_at,4
axo30646-f_at,4
axo11505-f_at,4
axo11504-r_at,4
axo12983-r_at,4
axo12916-f_at,4
axo29526-f_at,4
axo00947-f_at,4
axo08791-r_at,4
axo00847-r_at,4
axo18797-r_at,4
axo07246-f_at,4
axo00056-r_at,4
axo20142-r_at,4
axo27645-f_at,4
axo20282-r_at,4
axo05380-f_at,4
axo20131-f_at,4
axo16889-f_at,4
axo16886-f_at,4
axo09838-f_at,4
axo09479-r_at,4
axo00180-f_at,4
axo10093-r_at,4
axo07479-f_at,4
axo31572-f_at,4
axo17413-r_at,4
axo06250-f_at,4
axo03985-r_at,4
axo26911-f_at,4
axo16297-f_at,4
axo13132-r_at,4
axo03283-f_at,4
axo07260-f_at,4
axo00797-r_at,4
axo08897-f_at,4
axo12364-r_at,4
axo11379-r_at,4
axo13990-f_at,4
axo25775-f_at,4
axo11006-f_at,4
axo06161-f_at,4
axo10463-f_at,4
axo06322-f_at,4
axo03468-r_at,4
axo03470-r_at,4
axo27555-f_at,4
axo11157-f_at,4
axo12804-f_at,4
axo18330-r_at,4
axo02877-f_at,4
axo15286-f_at,4
axo00013-f_at,4
axo07206-r_at,4
axo10934-f_at,4
axo06138-f_at,4
axo10749-f_at,4
axo00349-f_at,4
axo11423-f_at,4
axo13910-f_at,4
axo17164-f_at,4
axo12049-f_at,4
axo12549-f_at,4
axo04649-r_at,4
axo00408-f_at,4
axo05962-f_at,4
axo29182-f_at,4
axo05819-r_at,4
axo29147-f_at,4
axo24579-f_at,4
axo01503-f_at,4
axo10894-f_at,4
axo03024-f_at,4
axo02772-f_at,4
axo11488-f_at,4
axo17604-f_at,4
axo20241-f_at,4
axo17087-r_at,4
axo12424-f_at,4
axo15887-f_at,4
axo05446-f_at,4
axo27896-f_at,4
axo03320-f_at,4
axo08876-r_at,4
axo28210-f_at,4
axo07075-r_at,4
axo18964-r_at,4
axo09995-f_at,4
axo08877-f_at,4
axo19489-f_at,4
axo09420-f_at,4
axo06612-f_at,4
axo17370-f_at,4
axo15169-f_at,4
axo15168-f_at,4
axo18885-f_at,4
axo30674-f_at,4
axo09070-f_at,4
axo25163-f_at,4
axo17290-f_at,4
axo00766-r_at,4
axo08776-f_at,4
axo12616-f_at,4
axo19644-f_at,4
axo09606-f_at,4
axo19652-f_at,4
axo13846-f_at,4
axo13847-f_at,4
axo15521-f_at,4
axo16970-f_at,4
axo00002-f_at,4
axo19101-r_at,4
axo02611-f_at,4
axo19061-r_at,4
axo18087-r_at,4
axo18284-f_at,4
axo16586-r_at,4
axo07747-r_at,4
axo10228-f_at,4
axo00257-f_at,4
axo00258-f_at,4
axo17837-f_at,4
axo13793-f_at,4
axo01163-f_at,4
axo01854-r_at,4
axo04444-f_at,4
axo06330-r_at,4
axo16892-f_at,4
axo09232-f_at,4
axo13155-f_at,4
axo09171-r_at,4
axo04879-f_at,4
axo27276-f_at,4
axo02494-r_at,4
axo15317-f_at,4
axo19242-f_at,4
axo01614-f_at,4
axo14673-r_at,4
axo09989-f_at,4
axo16888-f_at,4
axo08789-f_at,4
axo02561-f_at,4
axo19483-f_at,4
axo18771-f_at,4
axo02098-f_at,4
axo04229-f_at,4
axo02052-f_at,4
axo01935-f_at,4
axo17075-r_at,4
axo09725-f_at,4
axo04425-f_at,4
axo12837-f_at,4
axo09755-f_at,4
axo19454-r_at,4
axo31535-f_at,4
axo03324-f_at,4
axo10867-r_at,4
axo00472-f_at,4
axo01635-f_at,4
axo01634-r_at,4
axo10817-f_at,4
axo05333-r_at,4
axo14439-f_at,4
axo29817-f_at,4
axo08979-f_at,4
axo08174-f_at,4
axo16783-f_at,4
axo05430-f_at,4
axo11262-f_at,4
axo08144-f_at,4
axo02163-f_at,4
axo12335-f_at,4
axo08016-f_at,4
axo10855-r_at,4
axo18067-f_at,4
axo05228-f_at,4
axo13272-f_at,4
axo00481-f_at,4
axo00978-r_at,4
axo10147-f_at,4
axo27294-f_at,4
axo09741-f_at,4
axo15793-f_at,4
axo03393-f_at,4
axo05194-r_at,4
axo09432-f_at,4
axo28711-f_at,4
axo11025-f_at,4
axo03168-f_at,4
axo13866-f_at,4
axo09886-f_at,4
axo17369-f_at,4
axo02833-r_at,4
axo02347-f_at,4
axo18496-f_at,4
axo19825-f_at,4
axo05330-r_at,4
axo19293-f_at,4
axo02097-r_at,4
axo19814-f_at,4
axo09084-f_at,4
axo07561-f_at,4
axo31468-f_at,4
axo09862-f_at,4
axo19555-f_at,4
axo19553-f_at,4
axo19556-f_at,4
axo19554-f_at,4
axo16299-f_at,4
axo08744-f_at,4
axo21092-f_at,4
axo12321-f_at,4
axo11241-f_at,4
axo14052-r_at,4
axo00407-f_at,4
axo03054-f_at,4
axo08178-f_at,4
axo07205-f_at,4
axo07547-f_at,4
axo08181-f_at,4
axo06854-f_at,4
axo08180-f_at,4
axo08183-f_at,4
axo20256-f_at,4
axo09128-f_at,4
axo05187-f_at,4
axo03196-f_at,4
axo11372-f_at,4
axo09440-f_at,4
axo17286-r_at,4
axo17219-f_at,4
axo19711-f_at,4
axo01351-f_at,4
axo08123-f_at,4
axo25517-f_at,4
axo20006-r_at,4
axo20333-r_at,4
axo18131-f_at,4
axo29615-f_at,4
axo02821-f_at,4
axo02274-f_at,4
axo12998-r_at,4
axo12640-f_at,4
axo08967-f_at,4
axo05513-f_at,4
axo08179-f_at,4
axo04448-f_at,4
axo09178-f_at,4
axo07521-r_at,4
axo02775-f_at,4
axo18736-f_at,4
axo08187-f_at,4
axo08186-f_at,4
axo30883-f_at,4
axo01201-f_at,4
axo10555-f_at,4
axo19325-f_at,4
axo02459-r_at,4
axo01322-r_at,4
axo02492-f_at,4
axo15661-f_at,4
axo03306-f_at,4
axo10274-f_at,4
axo19280-f_at,4
axo07584-r_at,4
axo04273-f_at,4
axo07395-f_at,4
axo11748-f_at,4
axo06225-f_at,4
axo30381-f_at,4
axo09981-f_at,4
axo06661-f_at,4
axo08505-f_at,4
axo18332-r_at,4
axo11443-r_at,4
axo18342-r_at,4
axo04964-r_at,4
axo13881-f_at,4
axo03003-f_at,4
axo09176-f_at,4
axo06608-r_at,4
axo13352-r_at,4
axo05697-f_at,4
axo06717-r_at,4
axo08386-r_at,4
axo14167-r_at,4
axo11424-f_at,4
axo09528-f_at,4
axo12320-f_at,4
axo12061-f_at,4
axo19827-r_at,4
axo01391-f_at,4
axo01736-f_at,4
axo19488-r_at,4
axo12952-f_at,4
axo11671-f_at,4
axo20975-f_at,4
axo07456-r_at,4
axo12926-r_at,4
axo12925-f_at,4
axo09986-f_at,4
axo09985-f_at,4
axo10931-f_at,4
axo15663-f_at,4
axo27923-f_at,4
axo15268-f_at,4
axo25380-f_at,4
axo17185-f_at,4
axo20215-f_at,4
axo11152-f_at,4
axo19439-r_at,4
axo01312-r_at,4
axo04812-r_at,4
axo19660-r_at,4
axo06954-f_at,4
axo16327-r_at,4
axo08121-f_at,4
axo29238-f_at,4
axo11743-f_at,4
axo04452-f_at,4
axo17005-f_at,4
axo09999-r_at,4
axo01017-f_at,4
axo19113-f_at,4
axo17822-f_at,4
axo16393-r_at,4
axo18267-f_at,4
axo14030-r_at,4
axo16074-f_at,4
axo01421-f_at,4
axo18944-f_at,4
axo01751-f_at,4
axo19300-f_at,4
axo29987-f_at,4
axo07983-f_at,4
axo17960-f_at,4
axo17097-r_at,4
axo17303-f_at,4
axo13185-f_at,4
axo00906-f_at,4
axo26195-f_at,4
axo17745-f_at,4
axo12972-f_at,4
axo00390-f_at,4
axo02545-f_at,4
axo09525-f_at,4
axo15462-f_at,4
axo09429-f_at,4
axo15360-f_at,4
axo16391-f_at,4
axo07445-f_at,4
axo15158-f_at,4
axo18999-f_at,4
axo01498-f_at,4
axo05637-f_at,4
axo02704-f_at,4
axo19870-r_at,4
axo17028-f_at,4
axo12253-f_at,4
axo04673-f_at,4
axo08657-r_at,4
axo06600-f_at,4
axo18501-f_at,4
axo06160-r_at,4
axo27539-f_at,4
axo19295-f_at,4
axo00673-r_at,4
axo00913-f_at,4
axo05926-f_at,4
axo02001-f_at,4
axo11648-f_at,4
axo07662-r_at,4
axo19414-r_at,4
axo15463-r_at,4
axo19323-f_at,4
axo00990-r_at,4
axo19362-f_at,4
axo19492-f_at,4
axo17815-f_at,4
axo09536-r_at,4
axo11000-f_at,4
axo13903-r_at,4
axo11615-f_at,4
axo16974-r_at,4
axo13930-f_at,4
axo19315-f_at,4
axo09794-f_at,4
axo09915-r_at,4
axo02566-f_at,4
axo24657-f_at,4
axo13745-f_at,4
axo12754-r_at,4
axo28441-f_at,4
axo08407-f_at,4
axo04896-r_at,4
axo06918-f_at,4
axo14646-r_at,4
axo00296-f_at,4
axo03606-f_at,4
axo05724-r_at,4
axo10500-r_at,4
axo05465-f_at,4
axo10986-f_at,4
axo10298-f_at,4
axo03074-f_at,4
axo02039-f_at,4
axo19457-f_at,4
axo15725-r_at,4
axo09665-f_at,4
axo29706-f_at,4
axo19586-r_at,4
axo09827-f_at,4
axo07474-f_at,4
axo27284-f_at,4
axo00457-r_at,4
axo05997-f_at,4
axo00629-f_at,4
axo12959-f_at,4
axo11800-f_at,4
axo17913-r_at,4
axo21314-f_at,4
axo05289-f_at,4
axo12673-f_at,4
axo09646-f_at,4
axo01915-f_at,4
axo26867-f_at,4
axo08487-r_at,4
axo10485-f_at,4
axo09173-f_at,4
axo10395-f_at,4
axo09071-r_at,4
axo13237-f_at,4
axo20688-f_at,4
axo08558-f_at,4
axo20694-f_at,4
axo13394-f_at,4
axo10319-f_at,4
axo12638-f_at,4
axo15595-r_at,4
axo12156-f_at,4
axo21553-f_at,4
axo15157-f_at,4
axo07687-r_at,4
axo05364-r_at,4
axo19712-f_at,5
axo12695-r_at,5
axo19121-f_at,5
axo10898-f_at,5
axo03621-f_at,5
axo13968-r_at,5
axo14487-f_at,5
axo07054-f_at,5
axo29693-f_at,5
axo11083-f_at,5
axo16879-f_at,5
axo05309-r_at,5
axo11489-f_at,5
axo14233-r_at,5
axo10301-f_at,5
axo15867-f_at,5
axo17249-f_at,5
axo18655-f_at,5
axo17833-f_at,5
axo07381-f_at,5
axo09818-f_at,5
axo18030-r_at,5
axo13198-f_at,5
axo10610-r_at,5
axo09108-f_at,5
axo09801-f_at,5
axo16112-f_at,5
axo12257-f_at,5
axo12344-r_at,5
axo06269-f_at,5
axo02258-f_at,5
axo16256-f_at,5
axo01293-r_at,5
axo14281-f_at,5
axo07266-f_at,5
axo24913-f_at,5
axo06666-r_at,5
axo06665-r_at,5
axo19635-f_at,5
axo16318-f_at,5
axo15676-f_at,5
axo11068-f_at,5
axo15974-f_at,5
axo11634-f_at,5
axo28305-f_at,5
axo00414-r_at,5
axo00189-r_at,5
axo19336-f_at,5
axo05610-f_at,5
axo09203-f_at,5
axo16075-f_at,5
axo17340-f_at,5
axo19404-r_at,5
axo09911-f_at,5
axo05203-f_at,5
axo01107-f_at,5
axo06533-r_at,5
axo31186-f_at,5
axo07949-f_at,5
axo06030-f_at,5
axo15596-f_at,5
axo16595-r_at,5
axo13437-r_at,5
axo01349-f_at,5
axo01976-r_at,5
axo15192-f_at,5
axo27655-f_at,5
axo12619-f_at,5
axo17505-r_at,5
axo14558-f_at,5
axo12769-f_at,5
axo11876-f_at,5
axo05860-f_at,5
axo02283-r_at,5
axo19719-f_at,5
axo11627-f_at,5
axo08041-r_at,5
axo06921-f_at,5
axo06652-r_at,5
axo06539-r_at,5
axo16287-f_at,5
axo19621-f_at,5
axo16809-r_at,5
axo12065-f_at,5
axo15500-r_at,5
axo17111-f_at,5
axo15547-f_at,5
axo15946-r_at,5
axo11428-f_at,5
axo16795-r_at,5
axo06309-r_at,5
axo13308-f_at,5
axo18186-r_at,5
axo17152-f_at,5
axo08600-r_at,5
axo20127-r_at,5
axo25665-f_at,5
axo17173-f_at,5
axo08533-f_at,5
axo03256-r_at,5
axo14238-f_at,5
axo15538-f_at,5
axo02811-f_at,5
axo14006-r_at,5
axo05404-r_at,5
axo03192-f_at,5
axo04928-f_at,5
axo08542-r_at,5
axo08545-f_at,5
axo18438-r_at,5
axo08656-f_at,5
axo07053-f_at,5
axo10156-f_at,5
axo04945-r_at,5
axo12332-r_at,5
axo15858-f_at,5
axo12118-r_at,5
axo16871-f_at,5
axo18937-f_at,5
axo16447-f_at,5
axo06345-f_at,5
axo14671-f_at,5
axo16055-r_at,5
axo17209-r_at,5
axo19640-f_at,5
axo09182-f_at,5
axo07058-f_at,5
axo10037-f_at,5
axo18198-f_at,5
axo00527-r_at,5
axo20216-f_at,5
axo16719-r_at,5
axo10276-f_at,5
axo16319-f_at,5
axo15559-f_at,5
axo05592-r_at,5
axo18117-r_at,5
axo11109-r_at,5
axo19008-f_at,5
axo06447-f_at,5
axo08910-r_at,5
axo01348-r_at,5
axo10873-f_at,5
axo19482-f_at,5
axo09097-r_at,5
axo15452-f_at,5
axo16403-f_at,5
axo10695-f_at,5
axo15766-f_at,5
axo19386-f_at,5
axo10697-f_at,5
axo15263-f_at,5
axo12044-r_at,5
axo15754-f_at,5
axo11485-f_at,5
axo19899-f_at,5
axo13707-f_at,5
axo13655-f_at,5
axo12820-f_at,5
axo00825-f_at,5
axo14630-f_at,5
axo04356-f_at,5
axo01775-f_at,5
axo04815-r_at,5
axo01241-r_at,5
axo02203-f_at,5
axo15449-f_at,5
axo02927-r_at,5
axo13802-f_at,5
axo18367-f_at,5
axo15499-f_at,5
axo08499-f_at,5
axo03492-f_at,5
axo16647-f_at,5
axo06505-f_at,5
axo16342-r_at,5
axo14660-f_at,5
axo13439-r_at,5
axo16306-r_at,5
axo11994-r_at,5
axo12178-r_at,5
axo14972-f_at,5
axo06392-f_at,5
axo16693-f_at,5
axo02451-r_at,5
axo16802-f_at,5
axo21139-f_at,5
axo20320-f_at,5
axo13812-r_at,5
axo20014-r_at,5
axo12702-f_at,5
axo02232-f_at,5
axo16808-f_at,5
axo03329-f_at,5
axo09088-f_at,5
axo13200-f_at,5
axo12909-f_at,5
axo11447-r_at,5
axo02809-f_at,5
axo16667-r_at,5
axo13442-r_at,5
axo02963-f_at,5
axo19868-f_at,5
axo31298-f_at,5
axo13124-f_at,5
axo19256-r_at,5
axo11965-r_at,5
axo28886-f_at,5
axo06759-r_at,5
axo01067-r_at,5
axo05969-f_at,5
axo13110-f_at,5
axo01840-f_at,5
axo15445-f_at,5
axo00081-f_at,5
axo07057-r_at,5
axo19472-f_at,5
axo28687-f_at,5
axo25415-f_at,5
axo05681-f_at,5
axo07680-f_at,5
axo00770-f_at,5
axo05348-r_at,5
axo11597-f_at,5
axo06563-r_at,5
axo15879-r_at,5
axo27849-f_at,5
axo20306-f_at,5
axo06840-f_at,5
axo06656-f_at,5
axo03355-f_at,5
axo01871-f_at,5
axo17579-f_at,5
axo18911-f_at,5
axo05982-f_at,5
axo17264-f_at,5
axo07993-r_at,5
axo24608-f_at,5
axo13513-f_at,5
axo25940-f_at,5
axo18855-f_at,5
axo00042-f_at,5
axo01547-f_at,5
axo04996-f_at,5
axo01756-f_at,5
axo14697-f_at,5
axo18949-r_at,5
axo03269-r_at,5
axo00924-f_at,5
axo12762-r_at,5
axo12650-f_at,5
axo31670-f_at,5
axo01819-f_at,5
axo31342-f_at,5
axo19913-r_at,5
axo14253-f_at,5
axo07620-f_at,5
axo20305-r_at,5
axo19375-f_at,5
axo14751-f_at,5
axo18479-f_at,5
axo16068-f_at,5
axo24531-f_at,5
axo13321-f_at,5
axo06465-f_at,5
axo04863-f_at,5
axo18510-f_at,5
axo16423-f_at,5
axo06151-f_at,5
axo09388-f_at,5
axo12465-r_at,5
axo03295-f_at,5
axo18380-f_at,5
axo18209-f_at,5
axo05078-r_at,5
axo14133-f_at,5
axo07031-f_at,5
axo12535-r_at,5
axo06188-f_at,5
axo18511-f_at,5
axo10659-f_at,5
axo14991-f_at,5
axo04997-r_at,5
axo10481-r_at,5
axo10483-f_at,5
axo12857-f_at,5
axo05722-r_at,5
axo14812-f_at,5
axo13602-f_at,5
axo06751-r_at,5
axo27850-f_at,5
axo05298-f_at,5
axo12519-f_at,5
axo12120-f_at,5
axo30470-f_at,5
axo01438-r_at,5
axo04554-f_at,5
axo04733-f_at,5
axo02296-r_at,5
axo16678-f_at,5
axo19583-f_at,5
axo06771-r_at,5
axo06887-f_at,5
axo03437-f_at,5
axo04521-r_at,5
axo01020-r_at,5
axo14156-f_at,5
axo17948-r_at,5
axo28029-f_at,5
axo19585-f_at,5
axo04107-f_at,5
axo09988-f_at,5
axo10016-f_at,5
axo13324-f_at,5
axo13558-r_at,5
axo02944-f_at,5
axo11751-f_at,5
axo19587-f_at,5
axo00369-f_at,5
axo00370-r_at,5
axo00317-f_at,5
axo10712-f_at,5
axo00820-f_at,5
axo09014-f_at,5
axo08895-f_at,5
axo13656-f_at,5
axo12315-r_at,5
axo11412-r_at,5
axo19726-f_at,5
axo09488-f_at,5
axo18984-r_at,5
axo09652-r_at,5
axo02419-f_at,5
axo16951-r_at,5
axo08168-f_at,5
axo16028-f_at,5
axo06014-r_at,5
axo08965-f_at,5
axo18558-f_at,5
axo08894-f_at,5
axo16786-f_at,5
axo11868-r_at,5
axo18894-f_at,5
axo17545-f_at,5
axo09272-f_at,5
axo02381-f_at,5
axo15313-f_at,5
axo15702-r_at,5
axo17256-f_at,5
axo16702-f_at,5
axo08270-f_at,5
axo00782-f_at,5
axo10570-r_at,5
axo16394-r_at,5
axo30327-f_at,5
axo09194-f_at,5
axo06127-r_at,5
axo12930-r_at,5
axo10235-r_at,5
axo11479-r_at,5
axo00836-r_at,5
axo02106-f_at,5
axo02532-f_at,5
axo06177-f_at,5
axo06178-f_at,5
axo08706-f_at,5
axo08792-f_at,5
axo10223-f_at,5
axo10224-f_at,5
axo08100-f_at,5
axo10400-r_at,5
axo14664-f_at,5
axo13251-f_at,5
axo16623-r_at,5
axo19880-f_at,5
axo15163-f_at,5
axo07152-f_at,5
axo13733-f_at,5
axo21367-f_at,5
axo11360-f_at,5
axo02563-r_at,5
axo03380-f_at,5
axo01534-f_at,5
axo09768-f_at,5
axo12794-r_at,5
axo11857-f_at,5
axo02625-f_at,5
axo07008-r_at,5
axo04481-r_at,5
axo05196-f_at,5
axo07599-f_at,5
axo01896-f_at,5
axo14980-f_at,5
axo16845-f_at,5
axo17266-f_at,5
axo11974-f_at,5
axo07603-f_at,5
axo00182-r_at,5
axo15509-f_at,5
axo04442-r_at,5
axo15290-r_at,5
axo16083-r_at,5
axo14699-f_at,5
axo18397-f_at,5
axo18099-f_at,5
axo08629-f_at,5
axo06664-r_at,5
axo28182-f_at,5
axo29086-f_at,5
axo18828-r_at,5
axo20032-r_at,5
axo07147-f_at,5
axo03290-f_at,5
axo12711-f_at,5
axo02322-r_at,5
axo07005-r_at,5
axo11664-r_at,5
axo02420-f_at,5
axo10405-r_at,5
axo09204-r_at,5
axo13231-r_at,5
axo19894-r_at,5
axo10648-r_at,5
axo10647-f_at,5
axo01423-r_at,5
axo09380-r_at,5
axo10181-r_at,5
axo19403-f_at,5
axo10104-f_at,5
axo17145-r_at,5
axo10470-r_at,5
axo08825-f_at,5
axo13548-r_at,5
axo01877-f_at,5
axo14067-r_at,5
axo00979-f_at,5
axo13549-f_at,5
axo03660-f_at,5
axo14692-f_at,5
axo19788-r_at,5
axo05562-f_at,5
axo05782-f_at,5
axo18950-f_at,5
axo18080-f_at,5
axo11939-r_at,5
axo10572-f_at,5
axo18419-f_at,5
axo12460-f_at,5
axo06466-f_at,5
axo13783-r_at,5
axo12988-f_at,5
axo26035-f_at,5
axo15049-f_at,5
axo02953-f_at,5
axo13245-f_at,5
axo19886-f_at,5
axo18412-f_at,5
axo09273-r_at,5
axo14355-f_at,5
axo16406-f_at,5
axo10382-f_at,5
axo17859-f_at,5
axo06712-f_at,5
axo06474-f_at,5
axo15161-f_at,5
axo10707-r_at,5
axo07691-f_at,5
axo03107-f_at,5
axo08873-r_at,5
axo10435-f_at,5
axo19132-r_at,5
axo18943-f_at,5
axo15369-r_at,5
axo10812-f_at,5
axo01149-r_at,5
axo08336-r_at,5
axo00732-f_at,5
axo17861-f_at,5
axo13689-f_at,5
axo15679-r_at,5
axo02278-r_at,5
axo14219-f_at,5
axo10535-f_at,5
axo13235-f_at,5
axo18260-r_at,5
axo15340-f_at,5
axo15496-f_at,5
axo20287-r_at,5
axo00957-f_at,5
axo30321-f_at,5
axo01346-f_at,5
axo16141-r_at,5
axo11858-r_at,5
axo18277-f_at,5
axo09864-f_at,5
axo16144-f_at,5
axo00871-f_at,5
axo09206-r_at,5
axo18829-r_at,5
axo11250-f_at,5
axo19107-r_at,5
axo15497-r_at,5
axo16979-f_at,5
axo14057-f_at,5
axo16619-f_at,5
axo19335-f_at,5
axo14359-r_at,5
axo00810-f_at,5
axo12713-f_at,5
axo17042-f_at,5
axo19045-f_at,5
axo20020-f_at,5
axo09153-f_at,5
axo09150-r_at,5
axo18121-r_at,5
axo18745-f_at,5
axo18752-r_at,5
axo06036-f_at,5
axo26092-f_at,5
axo20140-r_at,5
axo17243-f_at,5
axo16532-f_at,5
axo13626-f_at,5
axo06489-r_at,5
axo10407-r_at,5
axo18156-r_at,5
axo12463-f_at,5
axo11979-r_at,5
axo05253-f_at,5
axo13648-f_at,5
axo05741-f_at,5
axo12950-r_at,5
axo07263-r_at,5
axo12647-f_at,5
axo11401-f_at,5
axo18712-r_at,5
axo05736-r_at,5
axo02317-f_at,5
axo10720-f_at,5
axo12106-r_at,5
axo06832-f_at,5
axo08880-r_at,5
axo12809-f_at,5
axo15259-r_at,5
axo19084-r_at,5
axo02828-r_at,5
axo05223-f_at,5
axo15107-f_at,5
axo15474-f_at,5
axo14927-f_at,5
axo17549-r_at,5
axo12296-r_at,5
axo16540-f_at,5
axo00660-f_at,5
axo20138-r_at,5
axo20139-r_at,5
axo14469-r_at,5
axo18645-r_at,5
axo16930-r_at,5
axo09621-r_at,5
axo00931-r_at,5
axo13234-f_at,5
axo13643-f_at,5
axo03643-r_at,5
axo19588-f_at,5
axo18637-r_at,5
axo17846-r_at,5
axo18031-f_at,5
axo05288-f_at,5
axo05835-r_at,5
axo13342-f_at,5
axo14670-f_at,5
axo13223-f_at,5
axo00175-f_at,5
axo18674-f_at,5
axo21563-f_at,5
axo16377-f_at,5
axo16407-f_at,5
axo16703-f_at,5
axo04396-f_at,5
axo12066-r_at,5
axo05449-f_at,5
axo01543-f_at,5
axo01469-f_at,5
axo13089-r_at,5
axo12057-f_at,5
axo14306-f_at,5
axo01440-f_at,5
axo07952-f_at,5
axo10360-f_at,5
axo12907-f_at,5
axo14974-f_at,5
axo00787-r_at,5
axo01364-f_at,5
axo16564-f_at,5
axo17688-f_at,5
axo12095-r_at,5
axo17689-f_at,5
axo20247-r_at,5
axo09505-r_at,5
axo15448-r_at,5
axo15981-f_at,5
axo02826-r_at,5
axo09697-f_at,5
axo08655-r_at,5
axo14846-f_at,5
axo02273-f_at,5
axo11676-f_at,5
axo04414-f_at,5
axo19921-f_at,5
axo15689-f_at,5
axo24688-f_at,5
axo28774-f_at,5
axo08541-r_at,5
axo09441-r_at,5
axo18108-f_at,5
axo14090-f_at,5
axo08230-r_at,5
axo01631-r_at,5
axo14212-f_at,5
axo13503-f_at,5
axo15707-f_at,5
axo18862-r_at,5
axo19029-r_at,5
axo04233-f_at,5
axo13469-r_at,5
axo14101-f_at,5
axo00032-f_at,5
axo17622-f_at,5
axo15297-f_at,5
axo07489-f_at,5
axo09904-f_at,5
axo05517-f_at,5
axo12898-f_at,5
axo02911-f_at,5
axo01568-f_at,5
axo18993-r_at,5
axo02933-r_at,5
axo03025-f_at,5
axo19803-f_at,5
axo11433-f_at,5
axo05192-r_at,5
axo01786-r_at,5
axo13228-r_at,5
axo15922-r_at,5
axo06879-r_at,5
axo12018-r_at,5
axo01006-f_at,5
axo10604-f_at,5
axo15305-r_at,5
axo16643-f_at,5
axo19862-f_at,5
axo01305-r_at,5
axo16170-f_at,5
axo10452-f_at,5
axo24577-f_at,5
axo04457-f_at,5
axo09939-f_at,5
axo13307-r_at,5
axo10300-r_at,5
axo27128-f_at,5
axo24712-f_at,5
axo18150-r_at,5
axo09645-r_at,5
axo02184-f_at,5
axo10708-f_at,5
axo15256-f_at,5
axo05405-r_at,5
axo04727-r_at,5
axo16793-f_at,5
axo08811-r_at,5
axo08202-f_at,5
axo02899-f_at,5
axo13616-f_at,5
axo08512-f_at,5
axo06596-r_at,5
axo08813-r_at,5
axo17678-f_at,5
axo10046-f_at,5
axo01754-f_at,5
axo15602-f_at,5
axo16516-f_at,5
axo13530-r_at,5
axo15347-f_at,5
axo17507-f_at,5
axo15756-r_at,5
axo17714-f_at,5
axo12987-f_at,5
axo19426-f_at,5
axo16009-f_at,5
axo15174-f_at,5
axo16008-f_at,5
axo15698-r_at,5
axo20081-r_at,5
axo28590-f_at,5
axo13607-r_at,5
axo08836-r_at,5
axo12641-r_at,5
axo11894-f_at,5
axo08429-r_at,5
axo12504-f_at,5
axo12136-r_at,5
axo16125-f_at,5
axo13500-f_at,5
axo18940-f_at,5
axo16535-f_at,5
axo11288-f_at,5
axo15032-f_at,5
axo16088-f_at,5
axo08130-f_at,5
axo00699-r_at,5
axo19025-r_at,5
axo09875-f_at,5
axo09781-r_at,5
axo20700-f_at,5
axo17987-f_at,5
axo13615-r_at,5
axo19209-r_at,5
axo03347-r_at,5
axo16976-r_at,5
axo13318-f_at,5
axo11515-f_at,5
axo18924-f_at,5
axo11637-f_at,5
axo12173-f_at,5
axo02761-r_at,5
axo21059-f_at,5
axo00286-f_at,5
axo12676-f_at,5
axo19128-f_at,5
axo12856-f_at,5
axo09808-f_at,5
axo00018-f_at,5
axo11111-r_at,5
axo11112-f_at,5
axo11087-f_at,5
axo13811-f_at,5
axo08748-f_at,5
axo01811-r_at,5
axo01920-f_at,5
axo18293-r_at,5
axo09943-f_at,5
axo11622-f_at,5
axo09648-r_at,5
axo13303-r_at,5
axo06310-f_at,5
axo10621-r_at,5
axo13427-r_at,5
axo08514-f_at,5
axo02636-f_at,5
axo16994-r_at,5
axo19860-f_at,5
axo10913-f_at,5
axo24868-f_at,5
axo07066-f_at,5
axo16348-f_at,5
axo13562-f_at,5
axo18009-r_at,5
axo08530-f_at,5
axo05823-f_at,5
axo04238-f_at,5
axo12903-f_at,5
axo07945-r_at,5
axo17420-f_at,5
axo03400-r_at,5
axo19909-f_at,5
axo08549-f_at,5
axo07145-f_at,5
axo15805-r_at,5
axo11416-r_at,5
axo06362-r_at,5
axo04302-r_at,5
axo09008-f_at,5
axo12913-f_at,5
axo11577-r_at,5
axo18196-f_at,5
axo18866-r_at,5
axo16405-r_at,5
axo10357-r_at,5
axo16148-r_at,5
axo14944-r_at,5
axo16515-r_at,5
axo16596-f_at,5
axo18263-f_at,5
axo13731-f_at,5
axo15765-f_at,5
axo14364-r_at,5
axo10508-f_at,5
axo12912-f_at,5
axo01207-f_at,5
axo18867-f_at,5
axo16054-f_at,5
axo12911-f_at,5
axo15046-f_at,5
axo15604-f_at,5
axo12010-f_at,5
axo01730-f_at,5
axo09786-f_at,5
axo02813-f_at,5
axo20454-f_at,5
axo00310-r_at,5
axo01892-f_at,5
axo09826-r_at,5
axo11848-f_at,5
axo06325-r_at,5
axo16212-f_at,5
axo08263-f_at,5
axo19506-f_at,5
axo20976-f_at,5
axo12838-r_at,5
axo04580-f_at,5
axo08827-f_at,5
axo08824-f_at,5
axo04561-f_at,5
axo10620-f_at,5
axo00311-f_at,5
axo20785-f_at,5
axo08640-r_at,5
axo18868-f_at,5
axo16312-f_at,5
axo07946-f_at,5
axo13212-f_at,5
axo10257-r_at,5
axo14931-r_at,5
axo09384-r_at,5
axo03248-r_at,5
axo12557-f_at,5
axo16296-f_at,5
axo13838-f_at,5
axo13473-f_at,5
axo07745-f_at,5
axo08451-f_at,5
axo12749-f_at,5
axo15384-f_at,5
axo02630-f_at,5
axo18314-f_at,5
axo07396-f_at,5
axo15768-f_at,5
axo12999-f_at,5
axo06445-f_at,5
axo17981-f_at,5
axo12570-f_at,5
axo15441-f_at,5
axo06125-f_at,5
axo15366-f_at,5
axo11852-r_at,5
axo11240-f_at,5
axo16862-f_at,5
axo12635-f_at,5
axo08037-f_at,5
axo10701-f_at,5
axo10363-f_at,5
axo19684-f_at,5
axo10968-f_at,5
axo00701-r_at,5
axo10520-f_at,5
axo05478-f_at,5
axo00789-f_at,5
axo01401-f_at,5
axo17025-r_at,5
axo14105-r_at,5
axo07587-r_at,5
axo09856-f_at,5
axo16931-r_at,5
axo11986-r_at,5
axo00394-f_at,5
axo06462-f_at,5
axo00051-f_at,5
axo04267-r_at,5
axo04266-f_at,5
axo16578-f_at,5
axo06865-f_at,5
axo18710-r_at,5
axo12862-f_at,5
axo07048-f_at,5
axo07013-r_at,5
axo00759-r_at,5
axo15740-r_at,5
axo09858-r_at,5
axo14546-r_at,5
axo16574-f_at,5
axo09049-f_at,5
axo10165-f_at,5
axo18294-r_at,5
axo07141-r_at,5
axo09930-f_at,5
axo16972-r_at,5
axo00677-r_at,5
axo01533-f_at,5
axo03281-f_at,5
axo05024-r_at,5
axo17023-f_at,5
axo11716-r_at,5
axo02036-f_at,5
axo13117-f_at,5
axo14824-r_at,5
axo13078-r_at,5
axo09121-f_at,5
axo11119-r_at,5
axo14792-f_at,5
axo18476-f_at,5
axo00975-f_at,5
axo09966-f_at,5
axo07108-f_at,5
axo06760-f_at,5
axo02595-r_at,5
axo04428-f_at,5
axo18861-f_at,5
axo18717-r_at,5
axo07914-f_at,5
axo08522-f_at,5
axo18559-f_at,5
axo09482-f_at,5
axo08337-f_at,5
axo01010-r_at,5
axo08516-f_at,5
axo08511-r_at,5
axo10478-r_at,5
axo19067-r_at,5
axo09935-f_at,5
axo00118-f_at,5
axo18083-f_at,5
axo07303-r_at,5
axo13171-r_at,5
axo04763-r_at,5
axo00520-f_at,5
axo12276-f_at,5
axo18053-r_at,5
axo11247-r_at,5
axo15274-f_at,5
axo05810-f_at,5
axo09616-f_at,5
axo16560-f_at,5
axo01946-r_at,5
axo07704-r_at,5
axo11972-r_at,5
axo14929-r_at,5
axo09291-f_at,5
axo16995-f_at,5
axo14017-f_at,5
axo11427-f_at,5
axo12771-f_at,5
axo03175-r_at,5
axo09940-f_at,5
axo14285-f_at,5
axo17310-f_at,5
axo17442-r_at,5
axo19681-f_at,5
axo15175-f_at,5
axo02605-r_at,5
axo05118-r_at,5
axo08865-r_at,5
axo09632-r_at,5
axo04370-f_at,5
axo13047-f_at,5
axo19442-f_at,5
axo10763-f_at,5
axo00384-f_at,5
axo04322-f_at,5
axo11971-f_at,5
axo10602-f_at,5
axo20088-f_at,5
axo19839-f_at,5
axo18272-r_at,5
axo08720-r_at,5
axo15215-r_at,5
axo18442-f_at,5
axo01768-f_at,5
axo17915-f_at,5
axo18929-f_at,5
axo07736-f_at,5
axo11101-r_at,5
axo11430-r_at,5
axo08435-r_at,5
axo00845-f_at,5
axo05096-f_at,5
axo08809-r_at,5
axo19120-r_at,5
axo08424-r_at,5
axo16644-f_at,5
axo18863-f_at,5
axo09860-f_at,5
axo15901-f_at,5
axo12608-f_at,5
axo17904-r_at,5
axo13896-f_at,5
axo00422-r_at,5
axo10603-f_at,5
axo20180-r_at,5
axo11090-f_at,5
axo11091-r_at,5
axo16402-f_at,5
axo02016-r_at,5
axo00090-r_at,5
axo04757-f_at,5
axo09143-f_at,5
axo29676-f_at,5
axo15759-f_at,5
axo17000-f_at,5
axo15115-f_at,5
axo05903-r_at,5
axo11150-f_at,5
axo17919-f_at,5
axo09651-r_at,5
axo12899-f_at,5
axo04941-r_at,5
axo07120-r_at,5
axo17190-r_at,5
axo08986-f_at,5
axo08747-f_at,5
axo11113-f_at,5
axo17035-r_at,5
axo00523-f_at,5
axo06354-r_at,5
axo05199-f_at,5
axo08963-f_at,5
axo00951-r_at,5
axo13493-f_at,5
axo05869-f_at,5
axo08703-r_at,5
axo08258-f_at,5
axo21176-f_at,5
axo08701-f_at,5
axo15396-f_at,5
axo19524-f_at,5
axo10970-f_at,5
axo12621-r_at,5
axo08650-r_at,5
axo03846-f_at,5
axo08884-r_at,5
axo16398-r_at,5
axo12035-f_at,5
axo01209-r_at,5
axo09197-r_at,5
axo19559-f_at,5
axo19898-r_at,5
axo19977-f_at,5
axo13327-f_at,5
axo07119-r_at,5
axo04536-f_at,5
axo13527-f_at,5
axo14639-f_at,5
axo08440-f_at,5
axo05868-r_at,5
axo07089-f_at,5
axo11943-f_at,5
axo03326-r_at,5
axo01770-f_at,5
axo01769-f_at,5
axo30649-f_at,5
axo11514-r_at,5
axo11512-f_at,5
axo12345-f_at,5
axo06183-f_at,5
axo13661-f_at,5
axo15512-f_at,5
axo15513-f_at,5
axo00245-r_at,5
axo16340-f_at,5
axo16599-f_at,5
axo02362-f_at,5
axo19710-f_at,5
axo15061-r_at,5
axo14530-r_at,5
axo11232-f_at,5
axo17395-f_at,5
axo17679-f_at,5
axo08208-f_at,5
axo19647-f_at,5
axo05368-f_at,5
axo17819-r_at,5
axo17820-r_at,5
axo12354-f_at,5
axo10983-f_at,5
axo11717-f_at,5
axo08550-f_at,5
axo08264-f_at,5
axo06881-r_at,5
axo16923-f_at,5
axo11108-f_at,5
axo06296-r_at,5
axo06292-r_at,5
axo15150-f_at,5
axo16615-f_at,5
axo16278-f_at,5
axo13255-r_at,5
axo16869-f_at,5
axo18480-r_at,5
axo17766-f_at,5
axo00746-r_at,5
axo16283-f_at,5
axo02975-r_at,5
axo13531-f_at,5
axo10726-f_at,5
axo00703-r_at,5
axo16673-f_at,5
axo09145-f_at,5
axo09958-f_at,5
axo14350-f_at,5
axo07703-f_at,5
axo17680-r_at,5
axo03436-f_at,5
axo00620-f_at,5
axo15528-f_at,5
axo18317-r_at,5
axo18092-f_at,5
axo00619-r_at,5
axo16537-f_at,5
axo09506-f_at,5
axo15601-f_at,5
axo17037-f_at,5
axo05280-f_at,5
axo14366-f_at,5
axo10222-r_at,5
axo24660-f_at,5
axo00262-r_at,5
axo28265-f_at,5
axo12412-r_at,5
axo10367-f_at,5
axo17172-r_at,5
axo18705-r_at,5
axo16295-f_at,5
axo20202-f_at,5
axo12599-f_at,5
axo14631-f_at,5
axo16300-f_at,5
axo19065-r_at,5
axo03610-f_at,5
axo02215-f_at,5
axo12723-f_at,5
axo03050-f_at,5
axo19683-f_at,5
axo08033-f_at,5
axo11332-f_at,5
axo20258-f_at,5
axo07627-f_at,5
axo13825-r_at,5
axo12531-f_at,5
axo17852-f_at,5
axo01741-r_at,5
axo18675-r_at,5
axo07032-f_at,5
axo07626-f_at,5
axo12203-r_at,5
axo00917-f_at,5
axo01595-r_at,5
axo18854-f_at,5
axo14360-r_at,5
axo04295-r_at,5
axo14341-r_at,5
axo12786-r_at,5
axo08842-f_at,5
axo18872-f_at,5
axo12960-f_at,5
axo16612-f_at,5
axo04957-f_at,5
axo21339-f_at,5
axo14044-r_at,5
axo01522-r_at,5
axo03404-r_at,5
axo12177-f_at,5
axo12158-f_at,5
axo05550-f_at,5
axo18783-r_at,5
axo00196-r_at,5
axo11591-f_at,5
axo19872-r_at,5
axo20191-f_at,5
axo00131-r_at,5
axo12204-f_at,5
axo02356-f_at,5
axo04910-r_at,5
axo07907-f_at,5
axo17085-f_at,5
axo00700-r_at,5
axo12445-r_at,5
axo17022-f_at,5
axo09859-f_at,5
axo02038-f_at,5
axo12413-f_at,5
axo08649-f_at,5
axo01524-f_at,5
axo04216-f_at,5
axo01444-f_at,5
axo04627-f_at,5
axo16465-f_at,5
axo02107-f_at,5
axo18864-f_at,5
axo06303-f_at,5
axo10058-f_at,5
axo12179-f_at,5
axo15363-r_at,5
axo15993-f_at,5
axo18152-r_at,5
axo13809-f_at,5
axo05181-r_at,5
axo05184-r_at,5
axo05182-r_at,5
axo30895-f_at,5
axo05994-f_at,5
axo01511-r_at,5
axo15367-f_at,5
axo19797-f_at,5
axo30579-f_at,5
axo17377-r_at,5
axo18112-f_at,5
axo14425-f_at,5
axo14787-f_at,5
axo15498-f_at,5
axo10609-f_at,5
axo16067-f_at,5
axo02311-r_at,5
axo19744-r_at,5
axo07961-f_at,5
axo10569-r_at,5
axo03362-r_at,5
axo08808-f_at,5
axo16432-f_at,5
axo16749-f_at,5
axo19551-f_at,5
axo13218-r_at,5
axo06660-r_at,5
axo06506-r_at,5
axo12032-f_at,5
axo05445-f_at,5
axo19196-f_at,5
axo03217-f_at,5
axo16816-r_at,5
axo13512-f_at,5
axo14473-f_at,5
axo16992-f_at,5
axo16627-f_at,5
axo09136-r_at,5
axo08394-f_at,5
axo14684-r_at,5
axo17842-f_at,5
axo04236-r_at,5
axo18185-f_at,5
axo02008-f_at,5
axo03478-f_at,5
axo07816-f_at,5
axo16229-f_at,5
axo19116-f_at,5
axo03403-r_at,5
axo06758-f_at,5
axo12271-f_at,5
axo06561-f_at,5
axo12644-f_at,5
axo10594-f_at,5
axo04593-f_at,5
axo04592-f_at,5
axo12707-f_at,5
axo03247-f_at,5
axo14788-f_at,5
axo09633-r_at,5
axo08378-r_at,5
axo13081-f_at,5
axo13410-f_at,5
axo12577-f_at,5
axo18338-r_at,5
axo03117-f_at,5
axo13599-f_at,5
axo16747-f_at,5
axo04975-f_at,5
axo06015-f_at,5
axo17180-r_at,5
axo13769-r_at,5
axo03667-r_at,5
axo00343-f_at,5
axo20834-f_at,5
axo06649-r_at,5
axo00239-f_at,5
axo13680-f_at,5
axo03837-f_at,5
axo00054-f_at,5
axo05678-f_at,5
axo20671-r_at,5
axo18371-f_at,5
axo14190-f_at,5
axo09114-r_at,5
axo15941-f_at,5
axo16671-r_at,5
axo04255-r_at,5
axo07417-f_at,5
axo11553-f_at,5
axo17535-f_at,5
axo11238-f_at,5
axo09902-r_at,5
axo12947-f_at,5
axo07349-f_at,5
axo10949-f_at,5
axo18990-f_at,5
axo19853-r_at,5
axo16346-f_at,5
axo14153-f_at,5
axo11919-f_at,5
axo15088-r_at,5
axo06776-f_at,5
axo18671-r_at,5
axo04798-f_at,5
axo16900-r_at,5
axo13701-f_at,5
axo00696-f_at,5
axo14353-f_at,5
axo00252-r_at,5
axo06032-f_at,5
axo11658-f_at,5
axo11696-f_at,5
axo16317-r_at,5
axo10174-f_at,5
axo31234-f_at,5
axo06393-f_at,5
axo07614-f_at,5
axo16033-f_at,5
axo16239-r_at,5
axo14055-r_at,5
axo10753-f_at,5
axo19040-f_at,5
axo01424-f_at,5
axo07183-f_at,5
axo12693-f_at,5
axo14741-f_at,5
axo08436-f_at,5
axo09222-f_at,5
axo14278-f_at,5
axo27683-f_at,5
axo02416-f_at,5
axo06920-f_at,5
axo16742-f_at,5
axo05984-r_at,5
axo05983-f_at,5
axo06859-f_at,5
axo02603-r_at,5
axo10245-f_at,5
axo13507-f_at,5
axo16573-f_at,5
axo11092-f_at,5
axo15657-r_at,5
axo06350-r_at,5
axo13524-r_at,5
axo00649-f_at,5
axo15402-f_at,5
axo12230-f_at,5
axo04544-f_at,5
axo05530-f_at,5
axo00507-f_at,5
axo19110-f_at,5
axo19486-f_at,5
axo02660-f_at,5
axo08568-r_at,5
axo15880-f_at,5
axo16768-f_at,5
axo10716-r_at,5
axo13409-f_at,5
axo03603-f_at,5
axo16344-r_at,5
axo12813-r_at,5
axo18900-f_at,5
axo19813-f_at,5
axo05867-f_at,5
axo09427-f_at,5
axo09976-r_at,5
axo01640-f_at,5
axo12573-f_at,5
axo02551-r_at,5
axo17585-r_at,5
axo19077-f_at,5
axo14290-r_at,5
axo07047-f_at,5
axo08153-f_at,5
axo16630-f_at,5
axo13289-r_at,5
axo18484-r_at,5
axo29438-f_at,5
axo18122-r_at,5
axo05285-f_at,5
axo08154-f_at,5
axo16852-r_at,5
axo08217-f_at,5
axo05428-f_at,5
axo10521-f_at,5
axo02750-f_at,5
axo14021-r_at,5
axo30238-f_at,5
axo02272-r_at,5
axo15628-f_at,5
axo13165-r_at,5
axo17544-f_at,5
axo12724-f_at,5
axo12722-r_at,5
axo05837-f_at,5
axo18590-r_at,5
axo12121-f_at,5
axo12122-f_at,5
axo07207-f_at,5
axo06448-f_at,5
axo30810-f_at,5
axo02912-f_at,5
axo19923-r_at,5
axo01755-r_at,5
axo12092-r_at,5
axo17198-r_at,5
axo17903-r_at,5
axo19445-r_at,5
axo14971-f_at,5
axo09689-r_at,5
axo01065-r_at,5
axo04584-f_at,5
axo13709-f_at,5
axo09260-r_at,5
axo06525-f_at,5
axo08170-f_at,5
axo15330-f_at,5
axo02453-r_at,5
axo14223-f_at,5
axo16086-f_at,5
axo11860-f_at,5
axo12097-f_at,5
axo11120-f_at,5
axo11122-f_at,5
axo20154-r_at,5
axo04456-f_at,5
axo12961-f_at,5
axo06179-f_at,5
axo12578-f_at,5
axo18110-f_at,5
axo19925-f_at,5
axo14226-f_at,5
axo06848-f_at,5
axo08814-r_at,5
axo09894-r_at,5
axo14321-f_at,5
axo05015-f_at,5
axo13899-r_at,5
axo14534-f_at,5
axo13965-r_at,5
axo04473-r_at,5
axo13573-r_at,5
axo19374-r_at,5
axo05712-r_at,5
axo01931-f_at,5
axo05524-f_at,5
axo11612-r_at,5
axo31458-f_at,5
axo16744-r_at,5
axo11387-f_at,5
axo10048-f_at,5
axo10049-r_at,5
axo13429-f_at,5
axo08940-f_at,5
axo13683-f_at,5
axo13686-f_at,5
axo05737-r_at,5
axo09180-f_at,5
axo00610-f_at,5
axo14973-f_at,5
axo08812-f_at,5
axo13090-f_at,5
axo17183-f_at,5
axo12877-f_at,5
axo13076-f_at,5
axo04213-r_at,5
axo06111-r_at,5
axo18089-f_at,5
axo15322-f_at,5
axo00298-f_at,5
axo08786-r_at,5
axo10238-r_at,5
axo10237-r_at,5
axo11057-r_at,5
axo00006-f_at,5
axo12290-f_at,5
axo06364-f_at,5
axo09381-f_at,5
axo09379-r_at,5
axo03358-f_at,5
axo08532-f_at,5
axo05927-r_at,5
axo15501-r_at,5
axo09359-f_at,5
axo09360-r_at,5
axo08500-r_at,5
axo14833-f_at,5
axo10838-f_at,5
axo08446-r_at,5
axo14647-f_at,5
axo14693-r_at,5
axo10693-r_at,5
axo16936-r_at,5
axo06619-f_at,5
axo12248-f_at,5
axo13649-f_at,5
axo13685-f_at,5
axo13688-f_at,5
axo03392-f_at,5
axo07046-r_at,5
axo03091-f_at,5
axo14389-f_at,5
axo19622-f_at,5
axo00302-f_at,5
axo01544-f_at,5
axo11975-r_at,5
axo20102-f_at,5
axo09299-f_at,5
axo17860-r_at,5
axo05889-f_at,5
axo12558-f_at,5
axo10966-f_at,5
axo12914-f_at,5
axo09387-f_at,5
axo31480-f_at,5
axo06338-r_at,5
axo00640-f_at,5
axo01702-r_at,5
axo07701-f_at,5
axo01494-f_at,5
axo17550-f_at,5
axo01492-f_at,5
axo07118-f_at,5
axo18098-f_at,5
axo16549-f_at,5
axo16581-f_at,5
axo10221-f_at,5
axo30375-f_at,5
axo15102-f_at,5
axo00468-f_at,5
axo13168-f_at,5
axo13719-f_at,5
axo18599-r_at,5
axo02130-f_at,5
axo19187-f_at,5
axo14132-f_at,5
axo05538-f_at,5
axo29801-f_at,5
axo18978-f_at,5
axo19616-f_at,5
axo06365-f_at,5
axo20288-f_at,5
axo03573-f_at,5
axo07940-f_at,5
axo19027-r_at,5
axo16637-r_at,5
axo08425-f_at,5
axo03225-r_at,5
axo06314-f_at,5
axo19458-f_at,5
axo11913-f_at,5
axo00192-r_at,5
axo13848-f_at,5
axo01610-r_at,5
axo09166-r_at,5
axo02209-f_at,5
axo01969-f_at,5
axo07114-f_at,5
axo19847-f_at,5
axo09533-r_at,5
axo13257-r_at,5
axo13256-r_at,5
axo01545-f_at,5
axo08621-f_at,5
axo04822-f_at,5
axo08288-f_at,5
axo16681-r_at,5
axo01642-f_at,5
axo00776-f_at,5
axo12107-f_at,5
axo09093-r_at,5
axo05700-f_at,5
axo12522-f_at,5
axo07365-f_at,5
axo26988-f_at,5
axo18248-r_at,5
axo02067-f_at,5
axo13805-f_at,5
axo16493-f_at,5
axo13628-f_at,5
axo28579-f_at,5
axo19004-f_at,5
axo24598-f_at,5
axo07546-f_at,5
axo01590-r_at,5
axo18678-f_at,5
axo02839-r_at,5
axo03497-f_at,5
axo07976-r_at,5
axo19033-f_at,5
axo03000-r_at,5
axo09156-r_at,5
axo17650-f_at,5
axo08757-f_at,5
axo01696-f_at,5
axo08129-f_at,5
axo15359-r_at,5
axo01603-f_at,5
axo09704-f_at,5
axo00687-r_at,5
axo16143-f_at,5
axo15238-f_at,5
axo19048-f_at,5
axo10444-f_at,5
axo08059-r_at,5
axo00977-r_at,5
axo11075-f_at,5
axo01462-f_at,5
axo02126-f_at,5
axo03373-r_at,5
axo00622-r_at,5
axo01745-f_at,5
axo05895-f_at,5
axo06939-f_at,5
axo16282-r_at,5
axo18841-f_at,5
axo01723-f_at,5
axo04825-r_at,5
axo04824-r_at,5
axo17002-f_at,5
axo06206-r_at,5
axo04495-f_at,5
axo08934-f_at,5
axo12884-f_at,5
axo05501-f_at,5
axo10998-f_at,5
axo09560-r_at,5
axo07341-r_at,5
axo14609-f_at,5
axo01918-f_at,5
axo06982-f_at,5
axo06200-f_at,5
axo08960-f_at,5
axo01620-r_at,5
axo11619-f_at,5
axo14998-f_at,5
axo01350-r_at,5
axo15356-f_at,5
axo06258-f_at,5
axo11014-r_at,5
axo17674-f_at,5
axo14242-r_at,5
axo05229-r_at,5
axo29961-f_at,5
axo11181-f_at,5
axo06182-f_at,5
axo07809-r_at,5
axo17748-f_at,5
axo04868-f_at,5
axo10111-f_at,5
axo18819-f_at,5
axo13080-f_at,5
axo07601-r_at,5
axo12675-r_at,5
axo08971-f_at,5
axo10176-f_at,5
axo03240-f_at,5
axo04240-f_at,5
axo07301-r_at,5
axo09391-f_at,5
axo16558-f_at,5
axo03503-r_at,5
axo12790-f_at,5
axo18551-f_at,5
axo10076-f_at,5
axo00376-f_at,5
axo07194-r_at,5
axo01022-f_at,5
axo18706-r_at,5
axo16743-f_at,5
axo06341-f_at,5
axo01587-f_at,5
axo01956-f_at,5
axo01556-f_at,5
axo02116-f_at,5
axo09137-f_at,5
axo06502-f_at,5
axo15387-f_at,5
axo16185-r_at,5
axo19219-r_at,5
axo01165-f_at,5
axo13297-r_at,5
axo20135-r_at,5
axo17004-r_at,5
axo17532-r_at,5
axo14260-f_at,5
axo14581-f_at,5
axo08585-r_at,5
axo12591-f_at,5
axo15239-f_at,5
axo03537-r_at,5
axo02680-r_at,5
axo12888-r_at,5
axo01757-r_at,5
axo16073-f_at,5
axo04297-f_at,5
axo01878-f_at,5
axo01968-r_at,5
axo10358-f_at,5
axo01625-f_at,5
axo10841-r_at,5
axo08941-f_at,5
axo15164-f_at,5
axo08060-f_at,5
axo08061-f_at,5
axo02837-f_at,5
axo17221-f_at,5
axo04458-f_at,5
axo14424-f_at,5
axo03304-f_at,5
axo06011-r_at,5
axo07175-f_at,5
axo07255-f_at,5
axo01050-f_at,5
axo06449-f_at,5
axo15718-f_at,5
axo18882-f_at,5
axo17277-f_at,5
axo04307-f_at,5
axo14975-f_at,5
axo12036-f_at,5
axo04482-f_at,5
axo12607-f_at,5
axo14042-f_at,5
axo14490-f_at,5
axo15040-f_at,5
axo17170-f_at,5
axo18601-f_at,5
axo02805-f_at,5
axo14365-f_at,5
axo11934-r_at,5
axo06214-r_at,5
axo11763-f_at,5
axo16031-r_at,5
axo04262-r_at,5
axo17551-f_at,5
axo16764-f_at,6
axo15327-f_at,6
axo04369-f_at,6
axo00450-f_at,6
axo12103-f_at,6
axo11164-f_at,6
axo14209-r_at,6
axo13209-r_at,6
axo15605-f_at,6
axo07286-f_at,6
axo07038-r_at,6
axo08756-f_at,6
axo05568-f_at,6
axo17426-f_at,6
axo19124-r_at,6
axo01903-f_at,6
axo08662-r_at,6
axo10015-r_at,6
axo00630-f_at,6
axo11843-r_at,6
axo08849-f_at,6
axo15017-f_at,6
axo05729-f_at,6
axo10583-f_at,6
axo05828-f_at,6
axo25904-f_at,6
axo10364-r_at,6
axo00615-f_at,6
axo17424-r_at,6
axo00747-f_at,6
axo15047-r_at,6
axo09835-f_at,6
axo16032-f_at,6
axo06271-f_at,6
axo07920-r_at,6
axo19094-f_at,6
axo07806-r_at,6
axo20104-f_at,6
axo29791-f_at,6
axo19876-f_at,6
axo08111-f_at,6
axo16867-f_at,6
axo13780-f_at,6
axo05595-r_at,6
axo05596-r_at,6
axo16772-f_at,6
axo01513-r_at,6
axo08076-r_at,6
axo07452-f_at,6
axo15921-f_at,6
axo24992-f_at,6
axo02989-r_at,6
axo10551-f_at,6
axo06146-f_at,6
axo07376-f_at,6
axo19973-f_at,6
axo09650-f_at,6
axo02722-f_at,6
axo10646-f_at,6
axo11460-f_at,6
axo01203-f_at,6
axo03073-r_at,6
axo16047-f_at,6
axo18026-f_at,6
axo08222-r_at,6
axo07523-f_at,6
axo05907-r_at,6
axo27892-f_at,6
axo07929-r_at,6
axo05844-r_at,6
axo08156-r_at,6
axo05645-r_at,6
axo08175-f_at,6
axo11749-r_at,6
axo03408-f_at,6
axo08385-f_at,6
axo00234-r_at,6
axo13692-f_at,6
axo04765-f_at,6
axo10387-f_at,6
axo20682-f_at,6
axo20228-f_at,6
axo29167-f_at,6
axo09177-f_at,6
axo05416-f_at,6
axo01726-f_at,6
axo11174-f_at,6
axo13893-f_at,6
axo19317-r_at,6
axo09566-f_at,6
axo13778-f_at,6
axo18582-f_at,6
axo18217-r_at,6
axo07251-f_at,6
axo05779-r_at,6
axo09996-f_at,6
axo06391-r_at,6
axo08089-r_at,6
axo30787-f_at,6
axo00282-f_at,6
axo31371-f_at,6
axo11554-f_at,6
axo08005-f_at,6
axo01337-f_at,6
axo10063-r_at,6
axo06390-f_at,6
axo01837-f_at,6
axo00946-f_at,6
axo13227-f_at,6
axo10959-r_at,6
axo11131-f_at,6
axo11274-f_at,6
axo04796-f_at,6
axo06707-f_at,6
axo02505-f_at,6
axo03614-f_at,6
axo20128-f_at,6
axo20130-f_at,6
axo03504-f_at,6
axo15667-r_at,6
axo13945-f_at,6
axo28115-f_at,6
axo09747-f_at,6
axo06236-r_at,6
axo00012-r_at,6
axo06235-r_at,6
axo02631-r_at,6
axo09522-f_at,6
axo00433-f_at,6
axo15507-f_at,6
axo07872-f_at,6
axo27091-f_at,6
axo01933-f_at,6
axo09019-r_at,6
axo13121-f_at,6
axo07673-f_at,6
axo07231-f_at,6
axo05431-r_at,6
axo09244-f_at,6
axo03238-f_at,6
axo17387-f_at,6
axo29485-f_at,6
axo05706-f_at,6
axo12454-f_at,6
axo11922-r_at,6
axo11192-r_at,6
axo15874-f_at,6
axo16174-f_at,6
axo16835-f_at,6
axo29400-f_at,6
axo08338-r_at,6
axo05813-f_at,6
axo08951-f_at,6
axo16877-f_at,6
axo10493-f_at,6
axo00893-r_at,6
axo07436-f_at,6
axo18832-f_at,6
axo08196-f_at,6
axo06499-f_at,6
axo10057-f_at,6
axo15409-f_at,6
axo08012-f_at,6
axo15910-f_at,6
axo12937-f_at,6
axo06662-f_at,6
axo13766-r_at,6
axo15270-f_at,6
axo19264-r_at,6
axo02021-r_at,6
axo03488-f_at,6
axo18103-f_at,6
axo12126-r_at,6
axo10024-f_at,6
axo03489-f_at,6
axo03170-f_at,6
axo25832-f_at,6
axo02486-f_at,6
axo16944-r_at,6
axo28554-f_at,6
axo13277-f_at,6
axo08466-f_at,6
axo07131-f_at,6
axo10994-r_at,6
axo28043-f_at,6
axo19057-f_at,6
axo04224-f_at,6
axo19468-r_at,6
axo11320-f_at,6
axo07558-r_at,6
axo10696-r_at,6
axo08070-f_at,6
axo20243-r_at,6
axo01792-f_at,6
axo29778-f_at,6
axo06518-r_at,6
axo01434-f_at,6
axo07956-f_at,6
axo08199-f_at,6
axo18908-r_at,6
axo11484-f_at,6
axo12704-r_at,6
axo09647-r_at,6
axo25558-f_at,6
axo01831-f_at,6
axo02980-f_at,6
axo07379-f_at,6
axo08080-r_at,6
axo06327-f_at,6
axo04449-r_at,6
axo08743-f_at,6
axo08422-f_at,6
axo11190-f_at,6
axo07881-f_at,6
axo07453-f_at,6
axo13375-f_at,6
axo19540-r_at,6
axo18300-f_at,6
axo12392-f_at,6
axo12258-f_at,6
axo06935-f_at,6
axo01049-f_at,6
axo09901-f_at,6
axo16203-f_at,6
axo13994-r_at,6
axo11764-f_at,6
axo00804-f_at,6
axo13998-f_at,6
axo17502-f_at,6
axo01536-f_at,6
axo09752-r_at,6
axo17574-f_at,6
axo03089-f_at,6
axo05978-f_at,6
axo12542-r_at,6
axo02344-r_at,6
axo02547-f_at,6
axo07751-r_at,6
axo19345-r_at,6
axo24867-f_at,6
axo14232-f_at,6
axo31324-f_at,6
axo08630-f_at,6
axo08759-r_at,6
axo02319-f_at,6
axo02099-f_at,6
axo01944-f_at,6
axo12948-f_at,6
axo03387-f_at,6
axo08082-f_at,6
axo01825-f_at,6
axo11741-r_at,6
axo10896-f_at,6
axo02443-f_at,6
axo06289-f_at,6
axo07661-f_at,6
axo04927-f_at,6
axo10948-f_at,6
axo05127-f_at,6
axo05102-f_at,6
axo14129-f_at,6
axo05866-f_at,6
axo07856-r_at,6
axo18652-f_at,6
axo15991-f_at,6
axo17755-f_at,6
axo28724-f_at,6
axo00756-f_at,6
axo15825-r_at,6
axo00443-f_at,6
axo09654-f_at,6
axo13259-r_at,6
axo04453-f_at,6
axo18495-r_at,6
axo07467-f_at,6
axo05977-f_at,6
axo09106-r_at,6
axo29567-f_at,6
axo01328-r_at,6
axo15493-r_at,6
axo29189-f_at,6
axo11306-f_at,6
axo15443-r_at,6
axo18347-f_at,6
axo04288-f_at,6
axo16807-f_at,6
axo26127-f_at,6
axo17966-f_at,6
axo13148-r_at,6
axo27455-f_at,6
axo00173-f_at,6
axo12142-r_at,6
axo04303-f_at,6
axo01154-r_at,6
axo16246-f_at,6
axo06893-f_at,6
axo06677-f_at,6
axo27401-f_at,6
axo29949-f_at,6
axo12954-r_at,6
axo26931-f_at,6
axo01124-r_at,6
axo05485-f_at,6
axo03337-f_at,6
axo07877-r_at,6
axo16291-f_at,6
axo11310-f_at,6
axo09067-f_at,6
axo09280-r_at,6
axo12645-r_at,6
axo13199-f_at,6
axo18234-f_at,6
axo24525-f_at,6
axo01128-r_at,6
axo18692-f_at,6
axo29746-f_at,6
axo02086-f_at,6
axo16905-r_at,6
axo00170-r_at,6
axo03391-f_at,6
axo18353-r_at,6
axo08956-r_at,6
axo30186-f_at,6
axo21198-f_at,6
axo08507-r_at,6
axo02171-f_at,6
axo18600-r_at,6
axo11193-r_at,6
axo15875-f_at,6
axo24975-f_at,6
axo13240-f_at,6
axo03628-r_at,6
axo08834-f_at,6
axo01363-r_at,6
axo08506-f_at,6
axo16829-f_at,6
axo28080-f_at,6
axo19399-r_at,6
axo14063-f_at,6
axo11765-f_at,6
axo08726-f_at,6
axo07223-f_at,6
axo05296-f_at,6
axo03591-f_at,6
axo10788-r_at,6
axo10787-f_at,6
axo18842-r_at,6
axo07830-f_at,6
axo10791-f_at,6
axo02521-r_at,6
axo04909-r_at,6
axo19967-f_at,6
axo09110-f_at,6
axo19104-r_at,6
axo16915-f_at,6
axo04921-f_at,6
axo02023-f_at,6
axo14016-f_at,6
axo11684-r_at,6
axo25042-f_at,6
axo04312-f_at,6
axo02795-f_at,6
axo04310-f_at,6
axo29184-f_at,6
axo12606-r_at,6
axo16208-f_at,6
axo12732-f_at,6
axo28342-f_at,6
axo10976-r_at,6
axo05303-f_at,6
axo07616-f_at,6
axo08185-f_at,6
axo14587-f_at,6
axo10653-f_at,6
axo06056-f_at,6
axo15631-f_at,6
axo07989-f_at,6
axo08192-f_at,6
axo15271-r_at,6
axo12401-f_at,6
axo07705-f_at,6
axo04192-f_at,6
axo18635-r_at,6
axo09000-r_at,6
axo01456-f_at,6
axo09890-f_at,6
axo05760-r_at,6
axo00995-f_at,6
axo10347-r_at,6
axo00475-f_at,6
axo19670-r_at,6
axo08999-f_at,6
axo09924-f_at,6
axo19614-f_at,6
axo13570-r_at,6
axo14415-r_at,6
axo10885-f_at,6
axo12083-r_at,6
axo08566-f_at,6
axo11625-r_at,6
axo06411-f_at,6
axo09667-f_at,6
axo07513-r_at,6
axo09869-f_at,6
axo11367-r_at,6
axo09729-f_at,6
axo13285-f_at,6
axo01288-f_at,6
axo01804-r_at,6
axo14835-f_at,6
axo07508-f_at,6
axo15467-r_at,6
axo02546-f_at,6
axo07510-f_at,6
axo29697-f_at,6
axo15412-f_at,6
axo06181-r_at,6
axo06180-r_at,6
axo04922-r_at,6
axo01724-r_at,6
axo11035-r_at,6
axo16896-f_at,6
axo04374-f_at,6
axo11002-f_at,6
axo29800-f_at,6
axo17255-f_at,6
axo07511-f_at,6
axo07623-f_at,6
axo30728-f_at,6
axo13449-f_at,6
axo11980-f_at,6
axo15370-f_at,6
axo07901-f_at,6
axo08503-r_at,6
axo24916-f_at,6
axo02414-f_at,6
axo15640-r_at,6
axo10556-f_at,6
axo12140-r_at,6
axo03396-r_at,6
axo01561-r_at,6
axo12014-r_at,6
axo30827-f_at,6
axo16523-f_at,6
axo24851-f_at,6
axo08968-f_at,6
axo10588-r_at,6
axo18073-r_at,6
axo06752-f_at,6
axo06700-f_at,6
axo15187-r_at,6
axo10639-r_at,6
axo03447-f_at,6
axo10456-f_at,6
axo05725-r_at,6
axo06653-f_at,6
axo16787-r_at,6
axo12324-f_at,6
axo12150-f_at,6
axo04782-f_at,6
axo02289-f_at,6
axo15683-f_at,6
axo14392-r_at,6
axo12021-r_at,6
axo00388-f_at,6
axo02463-r_at,6
axo16310-r_at,6
axo04915-f_at,6
axo14239-r_at,6
axo10115-f_at,6
axo26896-f_at,6
axo04319-f_at,6
axo11396-f_at,6
axo11397-f_at,6
axo17062-f_at,6
axo13895-f_at,6
axo08393-r_at,6
axo13463-f_at,6
axo17946-f_at,6
axo05615-f_at,6
axo11819-f_at,6
axo17287-f_at,6
axo02856-f_at,6
axo06727-r_at,6
axo07083-r_at,6
axo09896-f_at,6
axo01237-f_at,6
axo08099-f_at,6
axo12750-f_at,6
axo29356-f_at,6
axo08969-f_at,6
axo13794-f_at,6
axo05123-f_at,6
axo09530-f_at,6
axo11739-f_at,6
axo12388-f_at,6
axo05759-f_at,6
axo00381-f_at,6
axo00383-f_at,6
axo16746-r_at,6
axo10008-f_at,6
axo09579-f_at,6
axo10398-f_at,6
axo01710-f_at,6
axo29720-f_at,6
axo01817-f_at,6
axo09521-f_at,6
axo05461-f_at,6
axo10397-f_at,6
axo11376-f_at,6
axo00868-f_at,6
axo11920-f_at,6
axo17215-r_at,6
axo09888-f_at,6
axo06992-f_at,6
axo18742-f_at,6
axo13874-f_at,6
axo05705-r_at,6
axo15171-f_at,6
axo03515-r_at,6
axo27758-f_at,6
axo01005-f_at,6
axo10897-r_at,6
axo02327-f_at,6
axo17107-f_at,6
axo11987-f_at,6
axo20007-f_at,6
axo06414-r_at,6
axo18772-f_at,6
axo06575-r_at,6
axo14333-f_at,6
axo07608-f_at,6
axo19058-f_at,6
axo12802-r_at,6
axo04392-f_at,6
axo10348-f_at,6
axo11794-r_at,6
axo11735-f_at,6
axo08381-f_at,6
axo05626-f_at,6
axo08359-f_at,6
axo11317-r_at,6
axo05526-f_at,6
axo00446-f_at,6
axo05070-f_at,6
axo04520-f_at,6
axo13123-r_at,6
axo09287-f_at,6
axo07178-r_at,6
axo14083-r_at,6
axo14538-f_at,6
axo05799-f_at,6
axo11052-f_at,6
axo10539-f_at,6
axo19928-r_at,6
axo11926-f_at,6
axo04468-f_at,6
axo00941-f_at,6
axo12887-f_at,6
axo07003-f_at,6
axo17762-f_at,6
axo13843-f_at,6
axo16332-f_at,6
axo12880-f_at,6
axo05832-r_at,6
axo03268-f_at,6
axo01193-f_at,6
axo09608-f_at,6
axo00964-f_at,6
axo01314-f_at,6
axo16602-r_at,6
axo29108-f_at,6
axo13122-r_at,6
axo16859-f_at,6
axo17557-f_at,6
axo16728-f_at,6
axo09087-f_at,6
axo17921-r_at,6
axo00992-f_at,6
axo04362-r_at,6
axo15222-r_at,6
axo06812-f_at,6
axo19513-f_at,6
axo13557-f_at,6
axo11978-f_at,6
axo06384-f_at,6
axo12469-r_at,6
axo14085-r_at,6
axo15038-f_at,6
axo05273-r_at,6
axo03613-r_at,6
axo02104-f_at,6
axo18385-f_at,6
axo14189-f_at,6
axo11289-r_at,6
axo02653-r_at,6
axo14173-r_at,6
axo04712-f_at,6
axo15307-f_at,6
axo20101-f_at,6
axo10415-r_at,6
axo13106-f_at,6
axo07569-f_at,6
axo00969-f_at,6
axo15466-f_at,6
axo09318-f_at,6
axo06568-r_at,6
axo16912-f_at,6
axo11147-f_at,6
axo09425-f_at,6
axo00760-f_at,6
axo00231-f_at,6
axo14857-r_at,6
axo13581-r_at,6
axo05246-r_at,6
axo04567-r_at,6
axo10711-r_at,6
axo13166-f_at,6
axo24668-f_at,6
axo15971-f_at,6
axo08421-f_at,6
axo31364-f_at,6
axo08661-f_at,6
axo00775-f_at,6
axo13803-f_at,6
axo00725-f_at,6
axo02270-r_at,6
axo16422-r_at,6
axo07482-r_at,6
axo17227-f_at,6
axo00526-f_at,6
axo15751-r_at,6
axo03458-f_at,6
axo15810-f_at,6
axo02472-f_at,6
axo14628-r_at,6
axo20743-f_at,6
axo14255-f_at,6
axo01052-f_at,6
axo04190-f_at,6
axo17885-f_at,6
axo00243-r_at,6
axo17281-f_at,6
axo16617-f_at,6
axo16618-f_at,6
axo13351-f_at,6
axo20174-r_at,6
axo18550-f_at,6
axo07377-r_at,6
axo03236-f_at,6
axo02048-f_at,6
axo08977-r_at,6
axo06457-r_at,6
axo20167-r_at,6
axo20168-r_at,6
axo03910-f_at,6
axo09319-f_at,6
axo16725-f_at,6
axo07069-r_at,6
axo12956-f_at,6
axo19969-f_at,6
axo00389-f_at,6
axo01457-f_at,6
axo19273-f_at,6
axo13419-f_at,6
axo10365-r_at,6
axo10117-f_at,6
axo04483-f_at,6